{
  "llama-3.1-8b": {
    "model": "llama-3.1-8b",
    "true_positives": 1,
    "false_negatives": 54,
    "false_positives": 9,
    "precision": 0.1,
    "recall": 0.01818181818181818,
    "f1": 0.030769230769230767,
    "shd": 63,
    "soft_true_positives": 4,
    "soft_recall": 0.07272727272727272,
    "soft_f1": 0.1176470588235294,
    "direction_errors": 0,
    "direction_accuracy": 1.0,
    "weighted_recall": 0.0,
    "weighted_precision": 0.0,
    "weight_correlation": 0.0,
    "calibration_error": 0.0,
    "null_jsd_mean": 0.0938793818921344,
    "null_jsd_95": 0.6931471772333265
  },
  "kimi-k2.5": {
    "model": "kimi-k2.5",
    "true_positives": 10,
    "false_negatives": 45,
    "false_positives": 17,
    "precision": 0.37037037037037035,
    "recall": 0.18181818181818182,
    "f1": 0.24390243902439027,
    "shd": 65,
    "soft_true_positives": 41,
    "soft_recall": 0.7454545454545455,
    "soft_f1": 0.7256637168141592,
    "direction_errors": 3,
    "direction_accuracy": 0.7,
    "weighted_recall": 0.0,
    "weighted_precision": 0.0,
    "weight_correlation": 0.0,
    "calibration_error": 0.0,
    "null_jsd_mean": 0.07783191036005702,
    "null_jsd_95": 0.27946487991044716
  }
}