{
  "null_jsd_by_model": {
    "llama-3.1-8b": [
      0.003973083864447752,
      0.0,
      0.0,
      0.021483240515779822,
      0.011693701748609913,
      0.022353021460661066,
      0.1517959440073522,
      0.011289067292142678,
      0.0,
      0.023679730687410156,
      0.01588057574329356,
      0.023679731614670758,
      0.002264276968763166,
      0.04628074396205148,
      0.011693701748609913,
      0.0,
      0.011693701748609913,
      0.6931471772333265,
      0.050457311638909305,
      0.011693701748609913,
      0.011693701748609913,
      0.011693701748609913,
      0.0,
      0.011693701748609913,
      0.6931471772333265,
      0.16409715500475722,
      0.011693701748609913,
      0.011693701748609913,
      0.01438410266067108,
      0.034803563400520376,
      0.023679731614670758,
      0.21576155324151514,
      0.034803563400520376,
      0.0,
      0.16561732321357886,
      0.16806323485163618,
      0.6931471772333264,
      0.004315139486738511,
      0.0,
      0.08890159836537445,
      0.0,
      0.011693701748609913,
      0.011693701748609913,
      0.026333531140171142,
      0.004212595043515652,
      0.06582354659478286,
      0.15285352497454946,
      0.0029831741138179567,
      0.0,
      0.07695528336676234,
      0.023679730687410156,
      0.1194279119110865,
      0.0,
      0.0654975146988703,
      0.02823194028640215,
      0.06277216095118571,
      0.6931471782959896,
      0.013261404068115858,
      0.025605917244598087,
      0.14722345479627513,
      0.05912657640646761,
      0.08492743387702748,
      0.6931471782959896,
      0.03780395801546657,
      0.049510510897089015,
      0.2252806023137153,
      0.1818126137459922,
      0.08730693659856892,
      0.06742990599076588,
      0.08156620420464025
    ],
    "kimi-k2.5": [
      0.10417694988600124,
      0.0,
      0.011693701748609913,
      0.0013518008851064103,
      0.011693701748609913,
      0.028678463575718377,
      0.21576155324151514,
      0.07488176057084842,
      0.00475826288387891,
      0.06075592956918734,
      0.034556316891525274,
      0.01008026383404875,
      0.022455455901485677,
      0.0031393371479246125,
      0.07333335709913263,
      0.08397899525743067,
      0.003183068710193915,
      0.048277500677260284,
      0.0,
      0.17344506632979728,
      0.02889401582065916,
      0.003183068710193915,
      0.21643566395261649,
      0.0956025878843695,
      0.03488320958430319,
      0.3689464759683745,
      0.10271687947042048,
      0.07488176057084842,
      0.0,
      0.11298153796738414,
      0.03631488017983023,
      0.20605226529012927,
      0.0,
      0.04859279214962665,
      0.0,
      0.06365141579824861,
      0.27435846744382875,
      0.04859279214962665,
      0.0,
      0.0,
      0.011326602453026496,
      0.13230412364185112,
      0.02742894196971356,
      0.0,
      0.008955821152280798,
      0.2743584664125961,
      0.0,
      0.1503555353056041,
      0.0,
      0.10462328203471588,
      0.0,
      0.07089536148930486,
      0.6931471772333265,
      0.0,
      0.04196882728678931,
      0.06646908384070914,
      0.05287689451223386,
      0.0,
      0.21576155324151514,
      0.015463580289976174,
      0.011490073251317318,
      0.0,
      0.0,
      0.008919408601746361,
      0.0,
      0.02372233017593074,
      0.07030366878792106,
      0.07488175959454635,
      0.03759369074186433,
      0.0,
      0.038138609759936645,
      0.0,
      0.08630462173553419,
      0.02606099943784658,
      0.0956025878843695,
      0.009966389341172745,
      0.03705076076115447,
      0.45391265938400566,
      0.004212595043515652,
      0.023572035103868356,
      0.04859279118770867,
      0.07284201899596487,
      0.06119031989222631,
      0.2568155341107261,
      0.046735981929950904,
      0.08442921983116625,
      0.20422464175479627,
      0.33224635540325387,
      0.038438572115193526,
      0.1356935207538213,
      0.0,
      0.29478411731030246,
      0.0,
      0.19781112457171202,
      0.05311619804597683,
      0.09498625929556705
    ]
  },
  "noise_thresholds": {
    "llama-3.1-8b": 0.6931471772333265,
    "kimi-k2.5": 0.27946487991044716
  },
  "phantom_edges": [
    {
      "model": "kimi-k2.5",
      "pert_id": "A1-P2",
      "base_id": "A1-BASE",
      "treatment": "rt_alone",
      "jsd": 0.5061648927832642,
      "p_value": 2.628575309671281e-07,
      "detail": "Significant shift in rt_alone which is not in KG1 expectations for A1-P2"
    },
    {
      "model": "kimi-k2.5",
      "pert_id": "A2-P3",
      "base_id": "A2-BASE",
      "treatment": "rt_alone",
      "jsd": 0.4604843297379164,
      "p_value": 0.00017309961518804682,
      "detail": "Significant shift in rt_alone which is not in KG1 expectations for A2-P3"
    },
    {
      "model": "kimi-k2.5",
      "pert_id": "B1-P8",
      "base_id": "B1-BASE",
      "treatment": "ophl_type_ii",
      "jsd": 0.4559477728886574,
      "p_value": 0.009537027152058647,
      "detail": "Significant shift in ophl_type_ii which is not in KG1 expectations for B1-P8"
    },
    {
      "model": "kimi-k2.5",
      "pert_id": "B1-P9",
      "base_id": "B1-BASE",
      "treatment": "ophl_any",
      "jsd": 0.5684582937485243,
      "p_value": 0.0013574293934114023,
      "detail": "Significant shift in ophl_any which is not in KG1 expectations for B1-P9"
    },
    {
      "model": "kimi-k2.5",
      "pert_id": "B1-P9",
      "base_id": "B1-BASE",
      "treatment": "total_laryngectomy",
      "jsd": 0.30683422193710375,
      "p_value": 0.03112528242920793,
      "detail": "Significant shift in total_laryngectomy which is not in KG1 expectations for B1-P9"
    },
    {
      "model": "kimi-k2.5",
      "pert_id": "B1-NULL2",
      "base_id": "B1-BASE",
      "treatment": "ict_rt",
      "jsd": 0.20605226529012927,
      "p_value": 0.030367348743629712,
      "detail": "Significant shift in ict_rt which is not in KG1 expectations for B1-NULL2"
    },
    {
      "model": "kimi-k2.5",
      "pert_id": "C1-P3",
      "base_id": "C1-BASE",
      "treatment": "total_laryngectomy",
      "jsd": 0.4228104530737251,
      "p_value": 0.030692986839913377,
      "detail": "Significant shift in total_laryngectomy which is not in KG1 expectations for C1-P3"
    },
    {
      "model": "kimi-k2.5",
      "pert_id": "C1-P3",
      "base_id": "C1-BASE",
      "treatment": "ophl_type_i",
      "jsd": 0.48789452933892963,
      "p_value": 0.030272534965394015,
      "detail": "Significant shift in ophl_type_i which is not in KG1 expectations for C1-P3"
    },
    {
      "model": "kimi-k2.5",
      "pert_id": "C1-P5",
      "base_id": "C1-BASE",
      "treatment": "ophl_type_i",
      "jsd": 0.3982124135725914,
      "p_value": 0.0279733550946046,
      "detail": "Significant shift in ophl_type_i which is not in KG1 expectations for C1-P5"
    },
    {
      "model": "kimi-k2.5",
      "pert_id": "G1-ABS11",
      "base_id": "G1-BASE",
      "treatment": "cisplatin_high_dose",
      "jsd": 0.6931471772392157,
      "p_value": 6.170436821984114e-07,
      "detail": "Significant shift in cisplatin_high_dose which is not in KG1 expectations for G1-ABS11"
    },
    {
      "model": "llama-3.1-8b",
      "pert_id": "H1-P2",
      "base_id": "H1-BASE",
      "treatment": "tlm",
      "jsd": 0.16970254310087718,
      "p_value": 0.009808570687156829,
      "detail": "Significant shift in tlm which is not in KG1 expectations for H1-P2"
    },
    {
      "model": "kimi-k2.5",
      "pert_id": "H1-P2",
      "base_id": "H1-BASE",
      "treatment": "rt_alone",
      "jsd": 0.6931471762446815,
      "p_value": 0.029077566479917934,
      "detail": "Significant shift in rt_alone which is not in KG1 expectations for H1-P2"
    },
    {
      "model": "llama-3.1-8b",
      "pert_id": "H1-P3",
      "base_id": "H1-BASE",
      "treatment": "tlm",
      "jsd": 0.19145526888533276,
      "p_value": 0.001977042054489068,