{
  "llama-3.1-8b": {
    "snr": 0.8001029095532727,
    "mean_causal_jsd": 0.05931946195658941,
    "mean_null_jsd": 0.07413979032985854,
    "median_causal_jsd": 0.023679731614670758,
    "median_null_jsd": 0.026754500450763392,
    "null_jsd_95": 0.3283363239702811,
    "n_causal": 233,
    "n_null": 88,
    "detection_power": 0.02575107296137339
  },
  "kimi-k2.5": {
    "snr": 2.45643773212848,
    "mean_causal_jsd": 0.18737096784730958,
    "mean_null_jsd": 0.07627751576872027,
    "median_causal_jsd": 0.10271687996151607,
    "median_null_jsd": 0.03786615025090049,
    "null_jsd_95": 0.27537974993715236,
    "n_causal": 246,
    "n_null": 120,
    "detection_power": 0.2073170731707317
  }
}