{
  "llama-3.1-8b": {
    "shd_mean": 6.13,
    "shd_std": 2.6063576116872373,
    "agreement": 0.8943103448275861,
    "n_splits": 100
  },
  "kimi-k2.5": {
    "shd_mean": 22.21,
    "shd_std": 4.8317595138831155,
    "agreement": 0.6170689655172414,
    "n_splits": 100
  }
}