{
  "llama-3.1-8b": {
    "wmi": 0.5222434572761163,
    "wmi_label": "Weak world model",
    "quality": {
      "model": "llama-3.1-8b",
      "sid": 45,
      "sid_normalised": 0.19313304721030042,
      "n_interventions_tested": 233,
      "hard_tp": 0,
      "hard_fn": 58,
      "hard_fp": 0,
      "soft_tp": 10,
      "precision": 0.0,
      "recall": 0.0,
      "f1": 0.0,
      "soft_recall": 0.1724137931034483,
      "soft_f1": 0.0,
      "shd": 0,
      "direction_accuracy": 0.5,
      "direction_errors": 0,
      "weighted_recall": 0.1724137931034483,
      "weighted_f1": 0.0,
      "calibration_rho": 0.0,
      "calibration_p": NaN,
      "calibration_mae": 0.6566549121999984,
      "quality_score": 0.46206156578363183
    },
    "solidity": {
      "model": "llama-3.1-8b",
      "split_half_shd_mean": 6.13,
      "split_half_shd_std": 2.6063576116872373,
      "split_half_agreement": 0.8943103448275861,
      "n_splits": 100,
      "mean_edge_entropy": 0.40946862386450134,
      "median_edge_entropy": 0.353359335018536,
      "max_edge_entropy": 0.9999999999971146,
      "n_edges_measured": 597,
      "edge_entropy_details": [],
      "snr": 0.8001029095532727,
      "mean_causal_jsd": 0.05931946195658941,
      "mean_null_jsd": 0.07413979032985854,
      "null_jsd_95": 0.3283363239702811,
      "n_causal_tests": 233,
      "n_null_tests": 88,
      "mean_run_agreement": 0.0,
      "stance_flip_rate": 0.34003350083752093,
      "solidity_score": 0.590263828165758
    }
  },
  "kimi-k2.5": {
    "wmi": 0.6097891565251331,
    "wmi_label": "Moderate world model",
    "quality": {
      "model": "kimi-k2.5",
      "sid": 40,
      "sid_normalised": 0.16260162601626016,
      "n_interventions_tested": 246,
      "hard_tp": 4,
      "hard_fn": 54,
      "hard_fp": 0,
      "soft_tp": 43,
      "precision": 0.0,
      "recall": 0.06896551724137931,
      "f1": 0.0,
      "soft_recall": 0.7413793103448276,
      "soft_f1": 0.0,
      "shd": 0,
      "direction_accuracy": 0.5,
      "direction_errors": 0,
      "weighted_recall": 0.7413793103448276,
      "weighted_f1": 0.0,
      "calibration_rho": 0.0,
      "calibration_p": NaN,
      "calibration_mae": 0.6584976724945063,
      "quality_score": 0.6688323521166246
    },
    "solidity": {
      "model": "kimi-k2.5",
      "split_half_shd_mean": 22.21,
      "split_half_shd_std": 4.8317595138831155,
      "split_half_agreement": 0.6170689655172414,
      "n_splits": 100,
      "mean_edge_entropy": 0.587633795815311,
      "median_edge_entropy": 0.7219280948844771,
      "max_edge_entropy": 0.9999999999972693,
      "n_edges_measured": 732,
      "edge_entropy_details": [],
      "snr": 2.45643773212848,
      "mean_causal_jsd": 0.18737096784730958,
      "mean_null_jsd": 0.07627751576872027,
      "null_jsd_95": 0.27537974993715236,
      "n_causal_tests": 246,
      "n_null_tests": 120,
      "mean_run_agreement": 0.0,
      "stance_flip_rate": 0.5300546448087432,
      "solidity_score": 0.5559581773203381
    }
  }
}