{
  "deepseek-r1": {
    "soft_recall": {
      "estimate": 0.6206896551724138,
      "ci_low": 0.5,
      "ci_high": 0.7413793103448276
    },
    "hard_recall": {
      "estimate": 0.10344827586206896,
      "ci_low": 0.034482758620689655,
      "ci_high": 0.1896551724137931
    },
    "soft_precision": {
      "estimate": 0.6,
      "ci_low": 0.5,
      "ci_high": 0.7058823529411765
    },
    "soft_fdr": {
      "estimate": 0.4,
      "ci_low": 0.29411764705882354,
      "ci_high": 0.5
    },
    "soft_direction_accuracy": {
      "estimate": 0.7777777777777778,
      "ci_low": 0.631578947368421,
      "ci_high": 0.9024390243902439
    },
    "hard_direction_accuracy": {
      "estimate": 0.6666666666666666,
      "ci_low": 0.2,
      "ci_high": 1.0
    },
    "sid_rate": {
      "estimate": 0.13991769547325103,
      "ci_low": 0.09876543209876543,
      "ci_high": 0.18518518518518517
    },
    "snr": {
      "estimate": 2.140870673773232,
      "ci_low": 1.414507078219888,
      "ci_high": 2.8042206002440997
    },
    "detection_power": {
      "estimate": 0.1728395061728395,
      "ci_low": 0.03460837887067395,
      "ci_high": 0.29326047358834245
    }
  },
  "kimi-k2.5": {
    "soft_recall": {
      "estimate": 0.7413793103448276,
      "ci_low": 0.6206896551724138,
      "ci_high": 0.8448275862068966
    },
    "hard_recall": {
      "estimate": 0.06896551724137931,
      "ci_low": 0.017241379310344827,
      "ci_high": 0.13793103448275862
    },
    "soft_precision": {
      "estimate": 0.6615384615384615,
      "ci_low": 0.5616438356164384,
      "ci_high": 0.7627118644067796
    },
    "soft_fdr": {
      "estimate": 0.3384615384615385,
      "ci_low": 0.23728813559322035,
      "ci_high": 0.4383561643835616
    },
    "soft_direction_accuracy": {
      "estimate": 0.6744186046511628,
      "ci_low": 0.5305413832199547,
      "ci_high": 0.8
    },
    "hard_direction_accuracy": {
      "estimate": 0.5,
      "ci_low": 0.0,
      "ci_high": 1.0
    },
    "sid_rate": {
      "estimate": 0.16666666666666666,
      "ci_low": 0.12195121951219512,
      "ci_high": 0.21544715447154472
    },
    "snr": {
      "estimate": 2.45643773212848,
      "ci_low": 1.7962660835852458,
      "ci_high": 3.227671932998362
    },
    "detection_power": {
      "estimate": 0.2073170731707317,
      "ci_low": 0.12664473684210525,
      "ci_high": 0.2993421052631579
    }
  },
  "qwen3-next-80b-instruct": {
    "soft_recall": {
      "estimate": 0.39655172413793105,
      "ci_low": 0.27586206896551724,
      "ci_high": 0.5344827586206896
    },
    "hard_recall": {
      "estimate": 0.017241379310344827,
      "ci_low": 0.0,
      "ci_high": 0.05172413793103448
    },
    "soft_precision": {
      "estimate": 0.5348837209302325,
      "ci_low": 0.4,
      "ci_high": 0.6764705882352942
    },
    "soft_fdr": {
      "estimate": 0.46511627906976744,
      "ci_low": 0.3235294117647059,
      "ci_high": 0.6
    },
    "soft_direction_accuracy": {
      "estimate": 0.7391304347826086,
      "ci_low": 0.55,
      "ci_high": 0.9130434782608695
    },
    "hard_direction_accuracy": {
      "estimate": 0.0,
      "ci_low": 0.0,
      "ci_high": 0.0
    },
    "sid_rate": {
      "estimate": 0.1350210970464135,
      "ci_low": 0.09282700421940929,
      "ci_high": 0.18143459915611815
    },
    "snr": {
      "estimate": 1.8720564546673024,
      "ci_low": 1.4720845595439451,
      "ci_high": 2.887089348599336
    },
    "detection_power": {
      "estimate": 0.15611814345991562,
      "ci_low": 0.10457516339869281,
      "ci_high": 0.20261437908496732
    }
  },
  "mistral-small-24b": {
    "soft_recall": {
      "estimate": 0.43103448275862066,
      "ci_low": 0.3103448275862069,
      "ci_high": 0.5517241379310345
    },
    "hard_recall": {
      "estimate": 0.017241379310344827,
      "ci_low": 0.0,
      "ci_high": 0.05172413793103448
    },
    "soft_precision": {
      "estimate": 0.625,
      "ci_low": 0.5,
      "ci_high": 0.7567772317772317
    },
    "soft_fdr": {
      "estimate": 0.375,
      "ci_low": 0.24322276822276823,
      "ci_high": 0.5
    },
    "soft_direction_accuracy": {
      "estimate": 0.72,
      "ci_low": 0.5357142857142857,
      "ci_high": 0.8889880952380946
    },
    "hard_direction_accuracy": {
      "estimate": 0.0,
      "ci_low": 0.0,
      "ci_high": 0.0
    },
    "sid_rate": {
      "estimate": 0.13135593220338984,
      "ci_low": 0.08898305084745763,
      "ci_high": 0.17372881355932204
    },
    "snr": {
      "estimate": 1.6619754525347186,
      "ci_low": 1.3557840124095704,
      "ci_high": 2.4371429506375994
    },
    "detection_power": {
      "estimate": 0.13135593220338984,
      "ci_low": 0.08538899430740038,
      "ci_high": 0.2732447817836812
    }
  },
  "llama-3.1-8b": {
    "soft_recall": {
      "estimate": 0.1724137931034483,
      "ci_low": 0.08620689655172414,
      "ci_high": 0.27586206896551724
    },
    "hard_recall": {
      "estimate": 0.0,
      "ci_low": 0.0,
      "ci_high": 0.0
    },
    "soft_precision": {
      "estimate": 0.7142857142857143,
      "ci_low": 0.46153846153846156,
      "ci_high": 0.9333333333333333
    },
    "soft_fdr": {
      "estimate": 0.2857142857142857,
      "ci_low": 0.06666666666666667,
      "ci_high": 0.5384615384615384
    },
    "soft_direction_accuracy": {
      "estimate": 0.5,
      "ci_low": 0.16666666666666666,
      "ci_high": 0.8333333333333334
    },
    "hard_direction_accuracy": {
      "estimate": 0.0,
      "ci_low": 0.0,
      "ci_high": 0.0
    },
    "sid_rate": {
      "estimate": 0.19313304721030042,
      "ci_low": 0.14163090128755365,
      "ci_high": 0.2446351931330472
    },
    "snr": {
      "estimate": 0.8001029095532727,
      "ci_low": 0.7135388457036671,
      "ci_high": 1.7370317533464648
    },
    "detection_power": {
      "estimate": 0.02575107296137339,
      "ci_low": 0.0,
      "ci_high": 0.2562358276643991
    }
  }
}