{
  "deepseek-r1": {
    "shd_mean": 11.46,
    "shd_std": 3.6590162612374386,
    "agreement": 0.8024137931034481,
    "n_splits": 100
  },
  "llama-3.1-8b": {
    "shd_mean": 6.65,
    "shd_std": 2.6052830940226053,
    "agreement": 0.885344827586207,
    "n_splits": 100
  },
  "mistral-small-24b": {
    "shd_mean": 10.75,
    "shd_std": 3.076930288453087,
    "agreement": 0.814655172413793,
    "n_splits": 100
  },
  "kimi-k2.5": {
    "shd_mean": 21.51,
    "shd_std": 4.350850491570585,
    "agreement": 0.6291379310344829,
    "n_splits": 100
  },
  "qwen3-next-80b-instruct": {
    "shd_mean": 5.63,
    "shd_std": 2.7880279769041056,
    "agreement": 0.9029310344827586,
    "n_splits": 100
  }
}