{
  "deepseek-r1": {
    "n_items": 50,
    "rec_accuracy": 0.6916299559471366,
    "exc_accuracy": 0.7659574468085106,
    "rec_precision": 0.9345238095238095,
    "cond_rate": 0.9545454545454546,
    "unc_rate": 0.0,
    "null_spec": 0.14285714285714285
  },
  "qwen3-next-80b-instruct": {
    "n_items": 50,
    "rec_accuracy": 0.6255506607929515,
    "exc_accuracy": 0.5869565217391305,
    "rec_precision": 0.8819875776397516,
    "cond_rate": 1.0,
    "unc_rate": 1.0,
    "null_spec": 0.14285714285714285
  },
  "mistral-small-24b": {
    "n_items": 50,
    "rec_accuracy": 0.801762114537445,
    "exc_accuracy": 0.6739130434782609,
    "rec_precision": 0.9238578680203046,
    "cond_rate": 1.0,
    "unc_rate": 1.0,
    "null_spec": 0.42857142857142855
  }
}