{
  "null_jsd_by_model": {
    "deepseek-r1": [
      0.04620981004417904,
      0.023679731614670758,
      0.028319658734798445,
      0.0,
      0.023679731614670758,
      0.0,
      0.0,
      0.02742894196971356,
      0.0,
      0.09609206040969774,
      0.02377174958040941,
      0.08752508661667312,
      0.04620981004417904,
      0.11538812411941116,
      0.0932929729475198,
      0.14820973621695516,
      0.09922809247651058,
      0.012524202079282808,
      0.0,
      0.011761295871428108,
      0.028768206248602768,
      0.07488176057084842,
      0.0,
      0.028333512830201187,
      0.0404577842842173,
      0.011761295871428108,
      0.023679731614670758,
      0.0,
      0.03232124067226309,
      0.041213354372561004,
      0.0,
      0.29813813025422664,
      0.004022763483434694,
      0.18710381686331207,
      0.007608672013268707,
      0.03232124067226309,
      0.02000824206114052,
      0.13230412364185112,
      0.03662204347019959,
      0.023679731614670758,
      0.0,
      0.6931471782959896,
      0.0,
      0.06120885082539447,
      0.03662204347019959,
      0.38899411648150595,
      0.6931471782959896,
      0.03892561063623261,
      0.03662204347019959,
      0.0,
      0.0,
      6.970352741492549e-05,
      0.0,
      0.0,
      0.0,
      0.3182570830357018,
      0.05185477586746938,
      0.026460823947204323,
      0.04656099340388485,
      0.05351848440208846,
      0.02073561001593273,
      0.21576155324151514,
      0.016112105175642533,
      0.01466551368393108,
      0.0
    ],
    "mistral-small-24b": [
      0.07272275343443316,
      0.024960586210876125,
      0.011278473622949765,
      0.0,
      0.023679731614670758,
      0.14141043577720117,
      0.11727693570676499,
      0.02372233017593074,
      0.0,
      0.10462328203471588,
      0.02382977118030215,
      0.06618873298782557,
      0.023679731614670758,
      0.04859279214962665,
      0.022585626616605237,
      0.07623686394334131,
      0.0615553775806184,
      0.0,
      0.02372233017593074,
      0.07488175959454635,
      0.02372233017593074,
      0.02372233017593074,
      0.013633984754424924,
      0.030250769916115156,
      0.0,
      0.023679731614670758,
      0.10133433426750797,
      0.023679731614670758,
      0.10501772170157009,
      0.041213354372561004,
      0.1841072278840199,
      4.410374178580529e-05,
      0.04859279214962665,
      0.0,
      0.023679731614670758,
      0.02867846357571839,
      0.0,
      0.023679731614670758,
      0.023679731614670758,
      0.041093139881418494,
      0.011456875501600391,
      0.08489646034145104,
      0.13230412264000777,
      0.0748817595886572,
      0.09668076216795787,
      0.07109271474468551,
      0.13230412364185112,
      0.023679731614670758,
      0.15671153796988596,
      0.04859279118770867,
      0.006280726380354467,
      0.0,
      0.05970861205783363,
      0.0,
      0.23104283306404844,
      0.0,
      0.051791375871546835,
      0.0
    ],
    "qwen3-next-80b-instruct": [
      0.02382977118030215,
      0.0,
      0.0615553775806184,
      0.0,
      0.0,
      0.056527861038148317,
      0.0,
      0.00015270620328250483,
      0.0,
      0.004022763483434694,
      0.005211600113901409,
      0.1186001382349662,
      0.21576155324151514,
      0.04859279118770867,
      0.02000824206114052,
      0.02372233017593074,
      0.08433567519238391,
      0.017468893956520515,
      0.0,
      0.023679731614670758,
      0.03594875390222978,
      0.0,
      0.023679731614670758,
      0.023679731614670758,
      0.0,
      0.029978129534057773,
      0.03594875390222978,
      0.0,
      0.0,
      0.023679731614670758,
      0.24715389804076268,
      0.0,
      0.3182570820156263,
      0.023679731614670758,
      0.07488176057084842,
      0.10388596204754104,
      0.24715389804076268,
      0.0,
      0.0,
      0.13230412364185112,
      0.0,
      0.04859279214962665,
      0.0615553775806184,
      0.0,
      0.0,
      0.0,
      0.0,
      0.03035086258227949,
      0.23445351467074563,
      0.04859279214962665,
      0.21576155324151514,
      0.04859279118770867,
      0.17404578826409947,
      0.02415725678117136,
      0.07342619865920892,
      0.04859279118770867,
      0.023626264215263607,
      0.04647215760867815,
      0.004022763483434694,
      0.3045940549019649,
      0.023679731614670758,
      0.07284201899596487,
      0.14406409080769123,
      0.0,
      0.0,
      0.09024627190021615,
      0.0,
      0.011456875501600391
    ]
  },
  "noise_thresholds": {
    "deepseek-r1": 0.31423329247940673,
    "mistral-small-24b": 0.14370560110610386,
    "qwen3-next-80b-instruct": 0.2427087638612567
  },
  "phantom_edges": [
    {
      "model": "deepseek-r1",
      "pert_id": "A1-P2",
      "base_id": "A1-BASE",
      "treatment": "rt_alone",
      "jsd": 0.47784994337704123,
      "p_value": 0.0030813162585608404,
      "detail": "Significant shift in rt_alone which is not in KG1 expectations for A1-P2"
    },
    {
      "model": "qwen3-next-80b-instruct",
      "pert_id": "A1-P2",
      "base_id": "A1-BASE",
      "treatment": "rt_alone",
      "jsd": 0.36250546262815564,
      "p_value": 0.0033636843705493595,
      "detail": "Significant shift in rt_alone which is not in KG1 expectations for A1-P2"
    },
    {
      "model": "deepseek-r1",
      "pert_id": "B1-P8",
      "base_id": "B1-BASE",
      "treatment": "ophl_any",
      "jsd": 0.5684582937485243,
      "p_value": 0.0019453236344790566,
      "detail": "Significant shift in ophl_any which is not in KG1 expectations for B1-P8"
    },
    {
      "model": "deepseek-r1",
      "pert_id": "B1-P8",
      "base_id": "B1-BASE",
      "treatment": "ophl_type_ii",
      "jsd": 0.5684582937485243,
      "p_value": 0.0018758477903905188,
      "detail": "Significant shift in ophl_type_ii which is not in KG1 expectations for B1-P8"
    },
    {
      "model": "deepseek-r1",
      "pert_id": "C1-P2",
      "base_id": "C1-BASE",
      "treatment": "tors",
      "jsd": 0.45060013391226417,
      "p_value": 0.00017014053459453048,
      "detail": "Significant shift in tors which is not in KG1 expectations for C1-P2"
    },
    {
      "model": "mistral-small-24b",
      "pert_id": "C1-P2",
      "base_id": "C1-BASE",
      "treatment": "total_laryngectomy",
      "jsd": 0.342414338831455,
      "p_value": 0.042018990504747625,
      "detail": "Significant shift in total_laryngectomy which is not in KG1 expectations for C1-P2"
    },
    {
      "model": "mistral-small-24b",
      "pert_id": "C1-P2",
      "base_id": "C1-BASE",
      "treatment": "ophl_type_i",
      "jsd": 0.3424143398221412,
      "p_value": 0.014706646676661668,
      "detail": "Significant shift in ophl_type_i which is not in KG1 expectations for C1-P2"
    },
    {
      "model": "mistral-small-24b",
      "pert_id": "C1-P3",
      "base_id": "C1-BASE",
      "treatment": "total_laryngectomy",
      "jsd": 0.35470774350562784,
      "p_value": 0.04126865138859142,
      "detail": "Significant shift in total_laryngectomy which is not in KG1 expectations for C1-P3"
    },
    {
      "model": "qwen3-next-80b-instruct",
      "pert_id": "C1-P3",
      "base_id": "C1-BASE",
      "treatment": "total_laryngectomy",
      "jsd": 0.23445351566064437,
      "p_value": 0.04054463996072139,
      "detail": "Significant shift in total_laryngectomy which is not in KG1 expectations for C1-P3"
    },
    {
      "model": "qwen3-next-80b-instruct",
      "pert_id": "C1-P5",
      "base_id": "C1-BASE",
      "treatment": "ophl_type_i",
      "jsd": 0.23445351566064437,
      "p_value": 0.039170245385781684,
      "detail": "Significant shift in ophl_type_i which is not in KG1 expectations for C1-P5"
    },
    {
      "model": "mistral-small-24b",
      "pert_id": "D1-P2",
      "base_id": "D1-BASE",
      "treatment": "concurrent_crt",
      "jsd": 0.26362355776739,