{
  "llama-3.1-8b": {
    "model": "llama-3.1-8b",
    "true_positives": 1,
    "false_negatives": 54,
    "false_positives": 10,
    "precision": 0.09090909090909091,
    "recall": 0.01818181818181818,
    "f1": 0.0303030303030303,
    "shd": 64,
    "soft_true_positives": 4,
    "soft_recall": 0.07272727272727272,
    "soft_f1": 0.11594202898550722,
    "direction_errors": 0,
    "direction_accuracy": 1.0,
    "weighted_recall": 0.0,
    "weighted_precision": 0.0,
    "weight_correlation": 0.0,
    "calibration_error": 0.0,
    "null_jsd_mean": 0.09473330114794946,
    "null_jsd_95": 0.6931471772333264
  }
}