{
  "mistral-small-24b": {
    "snr": 1.7109711953480031,
    "mean_causal_jsd": 0.0850229125967745,
    "mean_null_jsd": 0.04969277848040057,
    "median_causal_jsd": 0.04859279118770867,
    "median_null_jsd": 0.02439517869558914,
    "null_jsd_95": 0.14370560110610386,
    "n_causal": 154,
    "n_null": 58,
    "detection_power": 0.16233766233766234
  },
  "qwen3-next-80b-instruct": {
    "snr": 1.3404512166081237,
    "mean_causal_jsd": 0.0739776628931062,
    "mean_null_jsd": 0.0551886275132781,
    "median_causal_jsd": 0.025829262233945285,
    "median_null_jsd": 0.023679731614670758,
    "null_jsd_95": 0.2427087638612567,
    "n_causal": 155,
    "n_null": 68,
    "detection_power": 0.07741935483870968
  },
  "deepseek-r1": {
    "snr": 1.6269572898038345,
    "mean_causal_jsd": 0.115619352424332,
    "mean_null_jsd": 0.07106477419470086,
    "median_causal_jsd": 0.04859279214962665,
    "median_null_jsd": 0.02742894196971356,
    "null_jsd_95": 0.31423329247940673,
    "n_causal": 161,
    "n_null": 65,
    "detection_power": 0.11180124223602485
  }
}