{
  "mistral-small-24b": {
    "shd_mean": 6.03,
    "shd_std": 2.6812497086246925,
    "agreement": 0.8277142857142858,
    "n_splits": 100
  },
  "qwen3-next-80b-instruct": {
    "shd_mean": 6.35,
    "shd_std": 1.9306734576307822,
    "agreement": 0.8185714285714287,
    "n_splits": 100
  },
  "deepseek-r1": {
    "shd_mean": 6.58,
    "shd_std": 3.1182687504447077,
    "agreement": 0.8119999999999998,
    "n_splits": 100
  }
}