{
  "mistral-small-24b": {
    "wmi": 0.6437827734759635,
    "wmi_label": "Moderate world model",
    "quality": {
      "model": "mistral-small-24b",
      "sid": 19,
      "sid_normalised": 0.12337662337662338,
      "n_interventions_tested": 154,
      "hard_tp": 0,
      "hard_fn": 35,
      "hard_fp": 0,
      "soft_tp": 15,
      "precision": 0.0,
      "recall": 0.0,
      "f1": 0.0,
      "soft_recall": 0.42857142857142855,
      "soft_f1": 0.0,
      "shd": 0,
      "direction_accuracy": 0.9333333333333333,
      "direction_errors": 0,
      "weighted_recall": 0.42857142857142855,
      "weighted_f1": 0.0,
      "calibration_rho": 0.0,
      "calibration_p": NaN,
      "calibration_mae": 0.6092343572882309,
      "quality_score": 0.6774891774891774
    },
    "solidity": {
      "model": "mistral-small-24b",
      "split_half_shd_mean": 6.03,
      "split_half_shd_std": 2.6812497086246925,
      "split_half_agreement": 0.8277142857142858,
      "n_splits": 100,
      "mean_edge_entropy": 0.5734735866127931,
      "median_edge_entropy": 0.6643574057094954,
      "max_edge_entropy": 0.9999999999972693,
      "n_edges_measured": 415,
      "edge_entropy_details": [],
      "snr": 1.7109711953480031,
      "mean_causal_jsd": 0.0850229125967745,
      "mean_null_jsd": 0.04969277848040057,
      "null_jsd_95": 0.14370560110610386,
      "n_causal_tests": 154,
      "n_null_tests": 58,
      "mean_run_agreement": 0.0,
      "stance_flip_rate": 0.4939759036144578,
      "solidity_score": 0.6117533286072669
    }
  },
  "qwen3-next-80b-instruct": {
    "wmi": 0.6305990024470167,
    "wmi_label": "Moderate world model",
    "quality": {
      "model": "qwen3-next-80b-instruct",
      "sid": 20,
      "sid_normalised": 0.12903225806451613,
      "n_interventions_tested": 155,
      "hard_tp": 0,
      "hard_fn": 35,
      "hard_fp": 0,
      "soft_tp": 16,
      "precision": 0.0,
      "recall": 0.0,
      "f1": 0.0,
      "soft_recall": 0.45714285714285713,
      "soft_f1": 0.0,
      "shd": 0,
      "direction_accuracy": 0.875,
      "direction_errors": 0,
      "weighted_recall": 0.45714285714285713,
      "weighted_f1": 0.0,
      "calibration_rho": 0.0,
      "calibration_p": NaN,
      "calibration_mae": 0.5102635152769368,
      "quality_score": 0.6714919354838709
    },
    "solidity": {
      "model": "qwen3-next-80b-instruct",
      "split_half_shd_mean": 6.35,
      "split_half_shd_std": 1.9306734576307822,
      "split_half_agreement": 0.8185714285714287,
      "n_splits": 100,
      "mean_edge_entropy": 0.4874233759179898,
      "median_edge_entropy": 0.5665095065500199,
      "max_edge_entropy": 0.9999999999972693,
      "n_edges_measured": 465,
      "edge_entropy_details": [],
      "snr": 1.3404512166081237,
      "mean_causal_jsd": 0.0739776628931062,
      "mean_null_jsd": 0.0551886275132781,
      "null_jsd_95": 0.2427087638612567,
      "n_causal_tests": 155,
      "n_null_tests": 68,
      "mean_run_agreement": 0.0,
      "stance_flip_rate": 0.38064516129032255,
      "solidity_score": 0.5921963926500861
    }
  },
  "deepseek-r1": {
    "wmi": 0.6571692282188438,
    "wmi_label": "Moderate world model",
    "quality": {
      "model": "deepseek-r1",
      "sid": 19,
      "sid_normalised": 0.11801242236024845,
      "n_interventions_tested": 161,
      "hard_tp": 3,
      "hard_fn": 32,
      "hard_fp": 0,
      "soft_tp": 21,
      "precision": 0.0,
      "recall": 0.08571428571428572,
      "f1": 0.0,
      "soft_recall": 0.6,
      "soft_f1": 0.0,
      "shd": 0,
      "direction_accuracy": 1.0,
      "direction_errors": 0,
      "weighted_recall": 0.6,
      "weighted_f1": 0.0,
      "calibration_rho": 0.0,
      "calibration_p": NaN,
      "calibration_mae": 0.6272527789493691,
      "quality_score": 0.7554968944099378
    },
    "solidity": {
      "model": "deepseek-r1",
      "split_half_shd_mean": 6.58,
      "split_half_shd_std": 3.1182687504447077,
      "split_half_agreement": 0.8119999999999998,
      "n_splits": 100,
      "mean_edge_entropy": 0.5618493254000917,
      "median_edge_entropy": 0.6840384356361563,
      "max_edge_entropy": 0.9999999999972693,
      "n_edges_measured": 445,
      "edge_entropy_details": [],
      "snr": 1.6269572898038345,
      "mean_causal_jsd": 0.115619352424332,
      "mean_null_jsd": 0.07106477419470086,
      "null_jsd_95": 0.31423329247940673,
      "n_causal_tests": 161,
      "n_null_tests": 65,
      "mean_run_agreement": 0.0,
      "stance_flip_rate": 0.49887640449438203,
      "solidity_score": 0.5716388746442873
    }
  }
}