{
  "deepseek-r1": {
    "model": "deepseek-r1",
    "true_positives": 6,
    "false_negatives": 52,
    "false_positives": 24,
    "hard_false_positives": 24,
    "precision": 0.2,
    "hard_precision": 0.2,
    "hard_fdr": 0.8,
    "recall": 0.10344827586206896,
    "f1": 0.13636363636363635,
    "shd": 78,
    "soft_true_positives": 36,
    "soft_false_positives": 24,
    "soft_recall": 0.6206896551724138,
    "soft_precision": 0.6,
    "soft_fdr": 0.4,
    "soft_f1": 0.6101694915254238,
    "direction_errors": 2,
    "direction_accuracy": 0.7777777777777778,
    "hard_direction_accuracy": 0.6666666666666666,
    "mean_direction_rate": 0.7437328774285296,
    "weighted_recall": 0.0,
    "weighted_precision": 0.0,
    "weight_correlation": 0.0,
    "calibration_error": 0.0,
    "null_jsd_mean": 0.07216299132211702,
    "null_jsd_95": 0.3053701901371547
  },
  "llama-3.1-8b": {
    "model": "llama-3.1-8b",
    "true_positives": 0,
    "false_negatives": 58,
    "false_positives": 4,
    "hard_false_positives": 4,
    "precision": 0.0,
    "hard_precision": 0.0,
    "hard_fdr": 1.0,
    "recall": 0.0,
    "f1": 0.0,
    "shd": 62,
    "soft_true_positives": 10,
    "soft_false_positives": 4,
    "soft_recall": 0.1724137931034483,
    "soft_precision": 0.7142857142857143,
    "soft_fdr": 0.2857142857142857,
    "soft_f1": 0.2777777777777778,
    "direction_errors": 0,
    "direction_accuracy": 0.5,
    "hard_direction_accuracy": 0.0,
    "mean_direction_rate": 0.5221794871794871,
    "weighted_recall": 0.0,
    "weighted_precision": 0.0,
    "weight_correlation": 0.0,
    "calibration_error": 0.0,
    "null_jsd_mean": 0.07413979032985854,
    "null_jsd_95": 0.3283363239702811
  },
  "gemma-4-31b-it": {
    "model": "gemma-4-31b-it",
    "true_positives": 4,
    "false_negatives": 54,
    "false_positives": 12,
    "hard_false_positives": 12,
    "precision": 0.25,
    "hard_precision": 0.25,
    "hard_fdr": 0.75,
    "recall": 0.06896551724137931,
    "f1": 0.1081081081081081,
    "shd": 69,
    "soft_true_positives": 24,
    "soft_false_positives": 12,
    "soft_recall": 0.41379310344827586,
    "soft_precision": 0.6666666666666666,
    "soft_fdr": 0.3333333333333333,
    "soft_f1": 0.5106382978723404,
    "direction_errors": 3,
    "direction_accuracy": 0.7083333333333334,
    "hard_direction_accuracy": 0.25,
    "mean_direction_rate": 0.6060286935286935,
    "weighted_recall": 0.0,
    "weighted_precision": 0.0,
    "weight_correlation": 0.0,
    "calibration_error": 0.0,
    "null_jsd_mean": 0.06740126440771638,
    "null_jsd_95": 0.3182570831105359
  },
  "mistral-small-24b": {
    "model": "mistral-small-24b",
    "true_positives": 1,
    "false_negatives": 57,
    "false_positives": 15,
    "hard_false_positives": 15,
    "precision": 0.0625,
    "hard_precision": 0.0625,
    "hard_fdr": 0.9375,
    "recall": 0.017241379310344827,
    "f1": 0.027027027027027025,
    "shd": 73,
    "soft_true_positives": 25,
    "soft_false_positives": 15,
    "soft_recall": 0.43103448275862066,
    "soft_precision": 0.625,
    "soft_fdr": 0.375,
    "soft_f1": 0.5102040816326531,
    "direction_errors": 1,
    "direction_accuracy": 0.72,
    "hard_direction_accuracy": 0.0,
    "mean_direction_rate": 0.746982350982351,
    "weighted_recall": 0.0,
    "weighted_precision": 0.0,
    "weight_correlation": 0.0,
    "calibration_error": 0.0,
    "null_jsd_mean": 0.0696423532944892,
    "null_jsd_95": 0.22106692654404328
  },
  "kimi-k2.5": {
    "model": "kimi-k2.5",
    "true_positives": 4,
    "false_negatives": 54,
    "false_positives": 22,
    "hard_false_positives": 22,
    "precision": 0.15384615384615385,
    "hard_precision": 0.15384615384615385,
    "hard_fdr": 0.8461538461538461,
    "recall": 0.06896551724137931,
    "f1": 0.09523809523809525,
    "shd": 78,
    "soft_true_positives": 43,
    "soft_false_positives": 22,
    "soft_recall": 0.7413793103448276,
    "soft_precision": 0.6615384615384615,
    "soft_fdr": 0.3384615384615385,
    "soft_f1": 0.6991869918699186,
    "direction_errors": 2,
    "direction_accuracy": 0.6744186046511628,
    "hard_direction_accuracy": 0.5,
    "mean_direction_rate": 0.6544613430783125,
    "weighted_recall": 0.0,
    "weighted_precision": 0.0,
    "weight_correlation": 0.0,
    "calibration_error": 0.0,
    "null_jsd_mean": 0.07627751576872027,
    "null_jsd_95": 0.27537974993715236
  },
  "qwen3-next-80b-instruct": {
    "model": "qwen3-next-80b-instruct",
    "true_positives": 1,
    "false_negatives": 57,
    "false_positives": 20,
    "hard_false_positives": 20,
    "precision": 0.047619047619047616,
    "hard_precision": 0.047619047619047616,
    "hard_fdr": 0.9523809523809523,
    "recall": 0.017241379310344827,
    "f1": 0.025316455696202528,
    "shd": 78,
    "soft_true_positives": 23,
    "soft_false_positives": 20,
    "soft_recall": 0.39655172413793105,
    "soft_precision": 0.5348837209302325,
    "soft_fdr": 0.46511627906976744,
    "soft_f1": 0.45544554455445546,
    "direction_errors": 1,
    "direction_accuracy": 0.7391304347826086,
    "hard_direction_accuracy": 0.0,
    "mean_direction_rate": 0.7893919095965132,
    "weighted_recall": 0.0,
    "weighted_precision": 0.0,
    "weight_correlation": 0.0,
    "calibration_error": 0.0,
    "null_jsd_mean": 0.05505897259710873,
    "null_jsd_95": 0.22417293588466866
  }
}