{
  "kimi-k2.5": {
    "n_items": 88,
    "rec_accuracy": 0.6368159203980099,
    "exc_accuracy": 0.875,
    "rec_precision": 0.9411764705882353,
    "cond_rate": 1.0,
    "unc_rate": 1.0,
    "null_spec": 0.3333333333333333
  }
}