{
  "mistral-small-24b": {
    "model": "mistral-small-24b",
    "n_gold_edges": 58,
    "n_hard_detected": 1,
    "n_soft_detected": 25,
    "n_not_detected": 33,
    "hard_recall": 0.017241379310344827,
    "soft_recall": 0.43103448275862066,
    "sid": 31,
    "sid_total": 236,
    "sid_normalised": 0.13135593220338984,
    "direction_accuracy": 0.72,
    "n_correct_direction": 18,
    "n_wrong_direction": 7,
    "veridical_split_half": 0.8305555555555556,
    "veridical_n_edges": 94,
    "veridical_entropy": 0.5356404728301217,
    "veridical_flip_rate": 0.425531914893617,
    "snr": 1.6619754525347188,
    "mean_causal_jsd": 0.11574388163219146,
    "mean_null_jsd": 0.0696423532944892,
    "null_jsd_95": 0.2210669265440433,
    "detection_power": 0.13135593220338984,
    "confab_split_half": 0.816,
    "confab_n_edges": 269,
    "confab_entropy": 0.5244516895932458,
    "confab_rigidity_score": 0.0,
    "raw_split_half": 0.8205172413793104,
    "raw_split_half_shd": 10.41,
    "coverage_score": 0.43103448275862066,
    "fidelity_score": 0.794322033898305,
    "stability_score": 0.6840771442012847,
    "discriminability_score": 0.2519794271855222,
    "rigidity_penalty": 1.0,
    "wms": 0.3309514720823168,
    "wms_label": "Weak world model"
  },
  "kimi-k2.5": {
    "model": "kimi-k2.5",
    "n_gold_edges": 58,
    "n_hard_detected": 4,
    "n_soft_detected": 43,
    "n_not_detected": 15,
    "hard_recall": 0.06896551724137931,
    "soft_recall": 0.7413793103448276,
    "sid": 41,
    "sid_total": 246,
    "sid_normalised": 0.16666666666666666,
    "direction_accuracy": 0.6744186046511628,
    "n_correct_direction": 29,
    "n_wrong_direction": 14,
    "veridical_split_half": 0.4917241379310346,
    "veridical_n_edges": 157,
    "veridical_entropy": 0.5181431437176981,
    "veridical_flip_rate": 0.4140127388535032,
    "snr": 2.45643773212848,
    "mean_causal_jsd": 0.18737096784730958,
    "mean_null_jsd": 0.07627751576872027,
    "null_jsd_95": 0.27537974993715236,
    "detection_power": 0.2073170731707317,
    "confab_split_half": 0.7689655172413794,
    "confab_n_edges": 215,
    "confab_entropy": 0.511193293675021,
    "confab_rigidity_score": 0.0,
    "raw_split_half": 0.6303448275862069,
    "raw_split_half_shd": 21.44,
    "coverage_score": 0.7413793103448276,
    "fidelity_score": 0.7538759689922481,
    "stability_score": 0.48777722527154155,
    "discriminability_score": 0.3776993571237103,
    "rigidity_penalty": 1.0,
    "wms": 0.3780241684571337,
    "wms_label": "Weak world model"
  },
  "llama-3.1-8b": {
    "model": "llama-3.1-8b",
    "n_gold_edges": 58,
    "n_hard_detected": 0,
    "n_soft_detected": 10,
    "n_not_detected": 48,
    "hard_recall": 0.0,
    "soft_recall": 0.1724137931034483,
    "sid": 45,
    "sid_total": 233,
    "sid_normalised": 0.19313304721030042,
    "direction_accuracy": 0.5,
    "n_correct_direction": 5,
    "n_wrong_direction": 5,
    "veridical_split_half": 0.6239999999999999,
    "veridical_n_edges": 35,
    "veridical_entropy": 0.488547953173412,
    "veridical_flip_rate": 0.4857142857142857,
    "snr": 0.8001029095532727,
    "mean_causal_jsd": 0.05931946195658941,
    "mean_null_jsd": 0.07413979032985854,
    "null_jsd_95": 0.32833632397028106,
    "detection_power": 0.02575107296137339,
    "confab_split_half": 0.9147169811320753,
    "confab_n_edges": 326,
    "confab_entropy": 0.3275719100870184,
    "confab_rigidity_score": 0.0,
    "raw_split_half": 0.889655172413793,
    "raw_split_half_shd": 6.4,
    "coverage_score": 0.1724137931034483,
    "fidelity_score": 0.6534334763948497,
    "stability_score": 0.5789808187306351,
    "discriminability_score": 0.10631277833094209,
    "rigidity_penalty": 1.0,
    "wms": 0.18820489787034286,
    "wms_label": "Fragmentary world model"
  },
  "qwen3-next-80b-instruct": {
    "model": "qwen3-next-80b-instruct",
    "n_gold_edges": 58,
    "n_hard_detected": 1,
    "n_soft_detected": 23,
    "n_not_detected": 35,
    "hard_recall": 0.017241379310344827,
    "soft_recall": 0.39655172413793105,
    "sid": 32,
    "sid_total": 237,
    "sid_normalised": 0.1350210970464135,
    "direction_accuracy": 0.7391304347826086,
    "n_correct_direction": 17,
    "n_wrong_direction": 6,
    "veridical_split_half": 0.9088235294117646,
    "veridical_n_edges": 91,
    "veridical_entropy": 0.44034229100530714,
    "veridical_flip_rate": 0.3076923076923077,
    "snr": 1.8720564546673024,
    "mean_causal_jsd": 0.10307350503776751,
    "mean_null_jsd": 0.05505897259710872,
    "null_jsd_95": 0.22417293588466866,
    "detection_power": 0.15611814345991562,
    "confab_split_half": 0.8858536585365855,
    "confab_n_edges": 275,
    "confab_entropy": 0.39585206967129527,
    "confab_rigidity_score": 0.0,
    "raw_split_half": 0.8925862068965515,
    "raw_split_half_shd": 6.23,
    "coverage_score": 0.39655172413793105,
    "fidelity_score": 0.8020546688680976,
    "stability_score": 0.7691572012449358,
    "discriminability_score": 0.28709403194404254,
    "rigidity_penalty": 1.0,
    "wms": 0.3465471432921007,
    "wms_label": "Weak world model"
  },
  "deepseek-r1": {
    "model": "deepseek-r1",
    "n_gold_edges": 58,
    "n_hard_detected": 6,
    "n_soft_detected": 36,
    "n_not_detected": 22,
    "hard_recall": 0.10344827586206896,
    "soft_recall": 0.6206896551724138,
    "sid": 34,
    "sid_total": 243,
    "sid_normalised": 0.13991769547325103,
    "direction_accuracy": 0.7777777777777778,
    "n_correct_direction": 28,
    "n_wrong_direction": 8,
    "veridical_split_half": 0.7821428571428573,
    "veridical_n_edges": 143,
    "veridical_entropy": 0.49832174007749536,
    "veridical_flip_rate": 0.40559440559440557,
    "snr": 2.1408706737732324,
    "mean_causal_jsd": 0.15449163185327258,
    "mean_null_jsd": 0.07216299132211702,
    "null_jsd_95": 0.3053701901371547,
    "detection_power": 0.1728395061728395,
    "confab_split_half": 0.8069999999999999,
    "confab_n_edges": 227,
    "confab_entropy": 0.5351789045220023,
    "confab_rigidity_score": 0.0,
    "raw_split_half": 0.7949999999999998,
    "raw_split_half_shd": 11.89,
    "coverage_score": 0.6206896551724138,
    "fidelity_score": 0.8189300411522633,
    "stability_score": 0.6699570182547162,
    "discriminability_score": 0.3260402833219237,
    "rigidity_penalty": 1.0,
    "wms": 0.392802370230401,
    "wms_label": "Weak world model"
  }
}