{
  "kimi-k2.5": {
    "shd_mean": 13.5,
    "shd_std": 4.150903516103452,
    "agreement": 0.7545454545454545,
    "n_splits": 100
  },
  "llama-3.1-8b": {
    "shd_mean": 7.84,
    "shd_std": 2.1152777595389214,
    "agreement": 0.8574545454545455,
    "n_splits": 100
  }
}