{
  "kimi-k2.5": {
    "wmi": 0.6603115213644997,
    "wmi_label": "Moderate world model",
    "quality": {
      "model": "kimi-k2.5",
      "sid": 37,
      "sid_normalised": 0.22424242424242424,
      "n_interventions_tested": 165,
      "hard_tp": 10,
      "hard_fn": 45,
      "hard_fp": 0,
      "soft_tp": 41,
      "precision": 0.0,
      "recall": 0.18181818181818182,
      "f1": 0.0,
      "soft_recall": 0.7454545454545455,
      "soft_f1": 0.0,
      "shd": 0,
      "direction_accuracy": 0.7,
      "direction_errors": 0,
      "weighted_recall": 0.7454545454545455,
      "weighted_f1": 0.0,
      "calibration_rho": 0.0,
      "calibration_p": NaN,
      "calibration_mae": 0.6381081080145876,
      "quality_score": 0.7048484848484848
    },
    "solidity": {
      "model": "kimi-k2.5",
      "split_half_shd_mean": 13.5,
      "split_half_shd_std": 4.150903516103452,
      "split_half_agreement": 0.7545454545454545,
      "n_splits": 100,
      "mean_edge_entropy": 0.5971512605515215,
      "median_edge_entropy": 0.7219280948844771,
      "max_edge_entropy": 0.9999999999972693,
      "n_edges_measured": 570,
      "edge_entropy_details": [],
      "snr": 2.9481170187217693,
      "mean_causal_jsd": 0.22945757953211132,
      "mean_null_jsd": 0.07783191036005703,
      "null_jsd_95": 0.27946487991044716,
      "n_causal_tests": 165,
      "n_null_tests": 96,
      "mean_run_agreement": 0.0,
      "stance_flip_rate": 0.543859649122807,
      "solidity_score": 0.6185886961797551
    }
  },
  "llama-3.1-8b": {
    "wmi": 0.5035561603587051,
    "wmi_label": "Weak world model",
    "quality": {
      "model": "llama-3.1-8b",
      "sid": 44,
      "sid_normalised": 0.2857142857142857,
      "n_interventions_tested": 154,
      "hard_tp": 1,
      "hard_fn": 54,
      "hard_fp": 0,
      "soft_tp": 4,
      "precision": 0.0,
      "recall": 0.01818181818181818,
      "f1": 0.0,
      "soft_recall": 0.07272727272727272,
      "soft_f1": 0.0,
      "shd": 0,
      "direction_accuracy": 1.0,
      "direction_errors": 0,
      "weighted_recall": 0.07272727272727272,
      "weighted_f1": 0.0,
      "calibration_rho": 0.0,
      "calibration_p": NaN,
      "calibration_mae": 0.7613826360535773,
      "quality_score": 0.529025974025974
    },
    "solidity": {
      "model": "llama-3.1-8b",
      "split_half_shd_mean": 7.84,
      "split_half_shd_std": 2.1152777595389214,
      "split_half_agreement": 0.8574545454545455,
      "n_splits": 100,
      "mean_edge_entropy": 0.44863593449787903,
      "median_edge_entropy": 0.40887106876650037,
      "max_edge_entropy": 0.9999999999972693,
      "n_edges_measured": 464,
      "edge_entropy_details": [],
      "snr": 0.4572927895156319,
      "mean_causal_jsd": 0.04293036442345745,
      "mean_null_jsd": 0.09387938189213442,
      "null_jsd_95": 0.6931471772333264,
      "n_causal_tests": 154,
      "n_null_tests": 70,
      "mean_run_agreement": 0.0,
      "stance_flip_rate": 0.39870689655172414,
      "solidity_score": 0.47931258404101024
    }
  }
}