{
  "kimi-k2.5": {
    "n_items": 88,
    "rec_accuracy": 0.5920398009950248,
    "exc_accuracy": 0.8709677419354839,
    "rec_precision": 0.937007874015748,
    "cond_rate": 0.9574468085106383,
    "unc_rate": 0.6666666666666666,
    "null_spec": 0.25
  }
}