{
  "deepseek-r1": {
    "wmi": 0.6340126987277606,
    "wmi_label": "Moderate world model",
    "quality": {
      "model": "deepseek-r1",
      "sid": 34,
      "sid_normalised": 0.13991769547325103,
      "n_interventions_tested": 243,
      "hard_tp": 6,
      "hard_fn": 52,
      "hard_fp": 0,
      "soft_tp": 36,
      "precision": 0.0,
      "recall": 0.10344827586206896,
      "f1": 0.0,
      "soft_recall": 0.6206896551724138,
      "soft_f1": 0.0,
      "shd": 0,
      "direction_accuracy": 0.6666666666666666,
      "direction_errors": 0,
      "weighted_recall": 0.6206896551724138,
      "weighted_f1": 0.0,
      "calibration_rho": 0.0,
      "calibration_p": null,
      "calibration_mae": 0.7448839992718534,
      "quality_score": 0.6739286221086986
    },
    "solidity": {
      "model": "deepseek-r1",
      "split_half_shd_mean": 11.46,
      "split_half_shd_std": 3.6590162612374386,
      "split_half_agreement": 0.8024137931034481,
      "n_splits": 100,
      "mean_edge_entropy": 0.56093075827122,
      "median_edge_entropy": 0.6840384356361563,
      "max_edge_entropy": 0.9999999999972693,
      "n_edges_measured": 743,
      "edge_entropy_details": [],
      "snr": 2.140870673773232,
      "mean_causal_jsd": 0.15449163185327258,
      "mean_null_jsd": 0.07216299132211704,
      "null_jsd_95": 0.3053701901371547,
      "n_causal_tests": 243,
      "n_null_tests": 107,
      "mean_run_agreement": 0.0,
      "stance_flip_rate": 0.49663526244952894,
      "solidity_score": 0.5964609440244601
    }
  },
  "mistral-small-24b": {
    "wmi": 0.5066215121781554,
    "wmi_label": "Weak world model",
    "quality": {
      "model": "mistral-small-24b",
      "sid": 31,
      "sid_normalised": 0.13135593220338984,
      "n_interventions_tested": 236,
      "hard_tp": 1,
      "hard_fn": 57,
      "hard_fp": 0,
      "soft_tp": 25,
      "precision": 0.0,
      "recall": 0.017241379310344827,
      "f1": 0.0,
      "soft_recall": 0.43103448275862066,
      "soft_f1": 0.0,
      "shd": 0,
      "direction_accuracy": 0.0,
      "direction_errors": 0,
      "weighted_recall": 0.43103448275862066,
      "weighted_f1": 0.0,
      "calibration_rho": 0.0,
      "calibration_p": null,
      "calibration_mae": 0.6679234676231628,
      "quality_score": 0.44302308591466977
    },
    "solidity": {
      "model": "mistral-small-24b",
      "split_half_shd_mean": 10.41,
      "split_half_shd_std": 2.905494794350869,
      "split_half_agreement": 0.8205172413793104,
      "n_splits": 100,
      "mean_edge_entropy": 0.6227628549036578,
      "median_edge_entropy": 0.7312088026174961,
      "max_edge_entropy": 0.9999999999972693,
      "n_edges_measured": 698,
      "edge_entropy_details": [],
      "snr": 1.6619754525347186,
      "mean_causal_jsd": 0.11574388163219144,
      "mean_null_jsd": 0.0696423532944892,
      "null_jsd_95": 0.22106692654404328,
      "n_causal_tests": 236,
      "n_null_tests": 97,
      "mean_run_agreement": 0.0,
      "stance_flip_rate": 0.5873925501432665,
      "solidity_score": 0.579349846005806
    }
  },
  "kimi-k2.5": {
    "wmi": 0.6105715966049132,
    "wmi_label": "Moderate world model",
    "quality": {
      "model": "kimi-k2.5",
      "sid": 41,
      "sid_normalised": 0.16666666666666666,
      "n_interventions_tested": 246,
      "hard_tp": 4,
      "hard_fn": 54,
      "hard_fp": 0,
      "soft_tp": 43,
      "precision": 0.0,
      "recall": 0.06896551724137931,
      "f1": 0.0,
      "soft_recall": 0.7413793103448276,
      "soft_f1": 0.0,
      "shd": 0,
      "direction_accuracy": 0.5,
      "direction_errors": 0,
      "weighted_recall": 0.7413793103448276,
      "weighted_f1": 0.0,
      "calibration_rho": 0.0,
      "calibration_p": null,
      "calibration_mae": 0.6584976724945063,
      "quality_score": 0.6678160919540229
    },
    "solidity": {
      "model": "kimi-k2.5",
      "split_half_shd_mean": 21.77,
      "split_half_shd_std": 4.022076578087494,
      "split_half_agreement": 0.6246551724137931,
      "n_splits": 100,
      "mean_edge_entropy": 0.587633795815311,
      "median_edge_entropy": 0.7219280948844771,
      "max_edge_entropy": 0.9999999999972693,
      "n_edges_measured": 732,
      "edge_entropy_details": [],
      "snr": 2.45643773212848,
      "mean_causal_jsd": 0.18737096784730958,
      "mean_null_jsd": 0.07627751576872027,
      "null_jsd_95": 0.27537974993715236,
      "n_causal_tests": 246,
      "n_null_tests": 120,
      "mean_run_agreement": 0.0,
      "stance_flip_rate": 0.5300546448087432,
      "solidity_score": 0.5582340393893037
    }
  },
  "qwen3-next-80b-instruct": {
    "wmi": 0.5244653120040251,
    "wmi_label": "Weak world model",
    "quality": {
      "model": "qwen3-next-80b-instruct",
      "sid": 32,
      "sid_normalised": 0.1350210970464135,
      "n_interventions_tested": 237,
      "hard_tp": 1,
      "hard_fn": 57,
      "hard_fp": 0,
      "soft_tp": 23,
      "precision": 0.0,
      "recall": 0.017241379310344827,
      "f1": 0.0,
      "soft_recall": 0.39655172413793105,
      "soft_f1": 0.0,
      "shd": 0,
      "direction_accuracy": 0.0,
      "direction_errors": 0,
      "weighted_recall": 0.39655172413793105,
      "weighted_f1": 0.0,
      "calibration_rho": 0.0,
      "calibration_p": null,
      "calibration_mae": 0.8030088791064842,
      "quality_score": 0.4300378291866725
    },
    "solidity": {
      "model": "qwen3-next-80b-instruct",
      "split_half_shd_mean": 6.48,
      "split_half_shd_std": 2.7981422408448076,
      "split_half_agreement": 0.8882758620689656,
      "n_splits": 100,
      "mean_edge_entropy": 0.5024954472081304,
      "median_edge_entropy": 0.5713619478580036,
      "max_edge_entropy": 0.9999999999972693,
      "n_edges_measured": 784,
      "edge_entropy_details": [],
      "snr": 1.8720564546673024,
      "mean_causal_jsd": 0.10307350503776752,
      "mean_null_jsd": 0.05505897259710873,
      "null_jsd_95": 0.22417293588466866,
      "n_causal_tests": 237,
      "n_null_tests": 112,
      "mean_run_agreement": 0.0,
      "stance_flip_rate": 0.4272959183673469,
      "solidity_score": 0.6396271323750884
    }
  },
  "llama-3.1-8b": {
    "wmi": 0.5216252829295736,
    "wmi_label": "Weak world model",
    "quality": {
      "model": "llama-3.1-8b",
      "sid": 45,
      "sid_normalised": 0.19313304721030042,
      "n_interventions_tested": 233,
      "hard_tp": 0,
      "hard_fn": 58,
      "hard_fp": 0,
      "soft_tp": 10,
      "precision": 0.0,
      "recall": 0.0,
      "f1": 0.0,
      "soft_recall": 0.1724137931034483,
      "soft_f1": 0.0,
      "shd": 0,
      "direction_accuracy": 0.5,
      "direction_errors": 0,
      "weighted_recall": 0.1724137931034483,
      "weighted_f1": 0.0,
      "calibration_rho": 0.0,
      "calibration_p": null,
      "calibration_mae": 0.6566549121999984,
      "quality_score": 0.46206156578363183
    },
    "solidity": {
      "model": "llama-3.1-8b",
      "split_half_shd_mean": 6.4,
      "split_half_shd_std": 2.4657656011875906,
      "split_half_agreement": 0.889655172413793,
      "n_splits": 100,
      "mean_edge_entropy": 0.40946862386450134,
      "median_edge_entropy": 0.353359335018536,
      "max_edge_entropy": 0.9999999999971146,
      "n_edges_measured": 597,
      "edge_entropy_details": [],
      "snr": 0.8001029095532727,
      "mean_causal_jsd": 0.05931946195658941,
      "mean_null_jsd": 0.07413979032985854,
      "null_jsd_95": 0.3283363239702811,
      "n_causal_tests": 233,
      "n_null_tests": 88,
      "mean_run_agreement": 0.0,
      "stance_flip_rate": 0.34003350083752093,
      "solidity_score": 0.58886727644162
    }
  }
}