{
  "kimi-k2.5": {
    "model": "kimi-k2.5",
    "n_gold_edges": 55,
    "n_hard_detected": 12,
    "n_soft_detected": 41,
    "n_not_detected": 14,
    "hard_recall": 0.21818181818181817,
    "soft_recall": 0.7454545454545455,
    "sid": 38,
    "sid_total": 165,
    "sid_normalised": 0.23030303030303031,
    "direction_accuracy": 0.8048780487804879,
    "n_correct_direction": 33,
    "n_wrong_direction": 8,
    "veridical_split_half": 0.7172727272727273,
    "veridical_n_edges": 112,
    "veridical_entropy": 0.5614968736188605,
    "veridical_flip_rate": 0.4375,
    "snr": 2.9481170187217702,
    "mean_causal_jsd": 0.22945757953211138,
    "mean_null_jsd": 0.07783191036005703,
    "null_jsd_95": 0.2794648799104472,
    "detection_power": 0.28484848484848485,
    "confab_split_half": 0.8104545454545453,
    "confab_n_edges": 129,
    "confab_entropy": 0.4871685830735191,
    "confab_rigidity_score": 0.0,
    "raw_split_half": 0.7545454545454545,
    "raw_split_half_shd": 13.5,
    "coverage_score": 0.7454545454545455,
    "fidelity_score": 0.7872875092387288,
    "stability_score": 0.6057648869160921,
    "discriminability_score": 0.46771343618600636,
    "rigidity_penalty": 0.9748331877108187,
    "wms": 0.4282705283278151,
    "wms_label": "Weak world model"
  }
}