{
  "kimi-k2.5": {
    "model": "kimi-k2.5",
    "true_positives": 4,
    "false_negatives": 54,
    "false_positives": 22,
    "precision": 0.15384615384615385,
    "recall": 0.06896551724137931,
    "f1": 0.09523809523809525,
    "shd": 78,
    "soft_true_positives": 43,
    "soft_recall": 0.7413793103448276,
    "soft_f1": 0.6991869918699186,
    "direction_errors": 2,
    "direction_accuracy": 0.5,
    "weighted_recall": 0.0,
    "weighted_precision": 0.0,
    "weight_correlation": 0.0,
    "calibration_error": 0.0,
    "null_jsd_mean": 0.07627751576872027,
    "null_jsd_95": 0.27537974993715236
  },
  "mistral-small-24b": {
    "model": "mistral-small-24b",
    "true_positives": 1,
    "false_negatives": 57,
    "false_positives": 15,
    "precision": 0.0625,
    "recall": 0.017241379310344827,
    "f1": 0.027027027027027025,
    "shd": 73,
    "soft_true_positives": 25,
    "soft_recall": 0.43103448275862066,
    "soft_f1": 0.5102040816326531,
    "direction_errors": 1,
    "direction_accuracy": 0.0,
    "weighted_recall": 0.0,
    "weighted_precision": 0.0,
    "weight_correlation": 0.0,
    "calibration_error": 0.0,
    "null_jsd_mean": 0.0696423532944892,
    "null_jsd_95": 0.2210669265440433
  },
  "qwen3-next-80b-instruct": {
    "model": "qwen3-next-80b-instruct",
    "true_positives": 1,
    "false_negatives": 57,
    "false_positives": 20,
    "precision": 0.047619047619047616,
    "recall": 0.017241379310344827,
    "f1": 0.025316455696202528,
    "shd": 78,
    "soft_true_positives": 23,
    "soft_recall": 0.39655172413793105,
    "soft_f1": 0.45544554455445546,
    "direction_errors": 1,
    "direction_accuracy": 0.0,
    "weighted_recall": 0.0,
    "weighted_precision": 0.0,
    "weight_correlation": 0.0,
    "calibration_error": 0.0,
    "null_jsd_mean": 0.05505897259710872,
    "null_jsd_95": 0.22417293588466866
  },
  "deepseek-r1": {
    "model": "deepseek-r1",
    "true_positives": 6,
    "false_negatives": 52,
    "false_positives": 24,
    "precision": 0.2,
    "recall": 0.10344827586206896,
    "f1": 0.13636363636363635,
    "shd": 78,
    "soft_true_positives": 36,
    "soft_recall": 0.6206896551724138,
    "soft_f1": 0.6101694915254238,
    "direction_errors": 2,
    "direction_accuracy": 0.6666666666666666,
    "weighted_recall": 0.0,
    "weighted_precision": 0.0,
    "weight_correlation": 0.0,
    "calibration_error": 0.0,
    "null_jsd_mean": 0.07216299132211702,
    "null_jsd_95": 0.3053701901371547
  },
  "llama-3.1-8b": {
    "model": "llama-3.1-8b",
    "true_positives": 0,
    "false_negatives": 58,
    "false_positives": 4,
    "precision": 0.0,
    "recall": 0.0,
    "f1": 0.0,
    "shd": 62,
    "soft_true_positives": 10,
    "soft_recall": 0.1724137931034483,
    "soft_f1": 0.2777777777777778,
    "direction_errors": 0,
    "direction_accuracy": 0.0,
    "weighted_recall": 0.0,
    "weighted_precision": 0.0,
    "weight_correlation": 0.0,
    "calibration_error": 0.0,
    "null_jsd_mean": 0.07413979032985854,
    "null_jsd_95": 0.32833632397028106
  }
}