{
  "llama-3.1-8b": {
    "model": "llama-3.1-8b",
    "true_positives": 0,
    "false_negatives": 58,
    "false_positives": 4,
    "precision": 0.0,
    "recall": 0.0,
    "f1": 0.0,
    "shd": 62,
    "soft_true_positives": 10,
    "soft_recall": 0.1724137931034483,
    "soft_f1": 0.2777777777777778,
    "direction_errors": 0,
    "direction_accuracy": 0.0,
    "weighted_recall": 0.0,
    "weighted_precision": 0.0,
    "weight_correlation": 0.0,
    "calibration_error": 0.0,
    "null_jsd_mean": 0.07413979032985854,
    "null_jsd_95": 0.3283363239702811
  },
  "kimi-k2.5": {
    "model": "kimi-k2.5",
    "true_positives": 4,
    "false_negatives": 54,
    "false_positives": 21,
    "precision": 0.16,
    "recall": 0.06896551724137931,
    "f1": 0.0963855421686747,
    "shd": 77,
    "soft_true_positives": 43,
    "soft_recall": 0.7413793103448276,
    "soft_f1": 0.7049180327868853,
    "direction_errors": 2,
    "direction_accuracy": 0.5,
    "weighted_recall": 0.0,
    "weighted_precision": 0.0,
    "weight_correlation": 0.0,
    "calibration_error": 0.0,
    "null_jsd_mean": 0.07627751576872027,
    "null_jsd_95": 0.27537974993715236
  }
}