{
  "kimi-k2.5": {
    "n_items": 88,
    "rec_accuracy": 0.7258566978193146,
    "exc_accuracy": 0.8714285714285714,
    "rec_precision": 0.9628099173553719,
    "cond_rate": 1.0,
    "unc_rate": 1.0,
    "null_spec": 0.16666666666666666
  },
  "llama-3.1-8b": {
    "n_items": 88,
    "rec_accuracy": 0.8598130841121495,
    "exc_accuracy": 0.19402985074626866,
    "rec_precision": 0.8363636363636363,
    "cond_rate": 1.0,
    "unc_rate": 1.0,
    "null_spec": 0.25
  }
}