{
  "null_jsd_by_model": {
    "llama-3.1-8b": [
      0.0,
      0.0,
      0.0,
      0.09575853325748271,
      0.0009287025498080966,
      0.0,
      0.0,
      0.05067183698556592,
      0.0,
      0.04859279214962665,
      0.0,
      0.04859279118770867,
      0.08340040392303127,
      0.00034386427837441395,
      0.16389658894739628,
      0.023679731614670758,
      0.0025663438473836793,
      0.0,
      0.0,
      0.0,
      0.0,
      0.0,
      0.0,
      0.0,
      0.09498625831926498,
      0.0,
      0.0,
      0.0,
      0.0,
      0.0,
      0.0,
      0.0,
      0.17999573896538595,
      0.0,
      0.06993214118202776,
      0.023679731614670758,
      0.0,
      0.06993214118202776,
      0.0,
      0.06993214118202776,
      0.023679731614670758,
      0.06971638138673493,
      0.06345283412744566,
      0.05067183698556592,
      0.03258645905756193,
      0.11775399013779196,
      0.0,
      0.07802443726143561,
      0.0,
      0.0,
      0.0,
      0.02555914119338344,
      0.0,
      0.04620981004417904,
      0.0,
      0.0,
      0.028768206248602768,
      0.0,
      0.3840144678561601,
      0.10313766366807589,
      0.023679731614670758,
      0.023679731614670758,
      0.0,
      0.2249340567536525,
      0.07497801725469978,
      0.05801003295471725,
      0.6931471782959896,
      0.06651282214074246,
      0.044398148213622195,
      0.07557485379703693,
      0.027949859708143343,
      0.03282556828458233,
      0.025416782399088615,
      0.12153901162050258,
      0.6931471782959896,
      0.07026699602298211,
      0.08513829194407163,
      0.09504880512826147,
      0.03453466247938037,
      0.04956680311774163,
      0.0,
      0.6931471772392157,
      0.12492787207154105,
      0.12492787207154105,
      0.6931471772333265,
      0.12492787207154105,
      0.08919755696735646,
      0.10321278896442261
    ],
    "kimi-k2.5": [
      0.023679731614670758,
      0.0,
      0.0,
      0.006280726380354467,
      0.6931471782959896,
      0.25600773925292564,
      0.07488176057084842,
      0.0,
      0.06852258877701409,
      0.0,
      0.006457252236163297,
      0.05743190453157671,
      0.022263952158930858,
      0.02000824206114052,
      0.21576155221939858,
      0.06078544617682775,
      0.16389658894739628,
      0.0018806965046948704,
      0.0010013837031540677,
      0.0596803259934637,
      0.048277500677260284,
      0.17344506632979728,
      0.003183068710193915,
      0.0,
      0.0956025878843695,
      0.028528513583710263,
      0.21643566395261649,
      0.0,
      0.02889401582065916,
      0.038138609759936645,
      0.0,
      0.36894647596837443,
      0.07488176057084842,
      0.03631488017983022,
      0.10271687947042048,
      0.0,
      0.06365141579824861,
      0.20605226529012927,
      0.025416782399088615,
      0.11298153796738414,
      0.0001974726263887002,
      0.0,
      0.0,
      0.27435846744382875,
      0.06365141579824861,
      0.0,
      0.13230412364185112,
      0.07488176057084842,
      0.011326602453026496,
      0.04924430186717389,
      0.04859279214962665,
      0.006330145784833138,
      0.0,
      0.2743584664125961,
      0.008955821152280798,
      0.0,
      0.02742894196971356,
      0.15035553530560408,
      0.07570512784218628,
      0.0,
      0.0024699535776043415,
      0.0,
      0.0,
      0.6931471772333265,
      0.06646908384070915,
      0.07089536148930486,
      0.03203492236391409,
      0.05287689451223385,
      0.09307985655730314,
      0.04196882728678931,
      0.02389885603173957,
      0.21576155324151514,
      0.015463580289976176,
      0.0,
      0.0,
      0.00011949771123820731,
      0.0,
      0.011490073251317318,
      0.0,
      0.0,
      0.02372233017593074,
      0.07030366878792106,
      0.0,
      0.037593690741864326,
      0.008919408601746361,
      0.002394843845305906,
      0.07488175959454635,
      0.03956137318644725,
      0.0,
      0.02606099943784658,
      0.08630462173553419,
      0.03705076076115447,
      0.004212595043515652,
      0.04859279214962665,
      0.45391265938400566,
      0.11323200914184442,
      0.009966389341172745,
      0.0956025878843695,
      0.0,
      0.04859279118770867,
      0.06119031989222631,
      0.07284201899596487,
      0.08442921983116625,
      0.33224635540325387,
      0.05226048036494477,
      0.20422464175479627,
      0.09442967958409118,
      0.046735981929950904,
      0.25681553411072616,
      0.023679731614670758,
      0.1356935207538213,
      0.2947841173103025,
      0.0,
      0.05311619804597683,
      0.0,
      0.09498625929556705,
      0.009709494433234832,
      0.026460823947204323,
      0.19781112457171202,
      0.05846040321368533
    ]
  },
  "noise_thresholds": {
    "llama-3.1-8b": 0.3283363239702811,
    "kimi-k2.5": 0.27537974993715236
  },
  "phantom_edges": [
    {
      "model": "kimi-k2.5",
      "pert_id": "B1-P2",
      "base_id": "B1-BASE",
      "treatment": "ophl_any",
      "jsd": 0.2881911293795707,
      "p_value": 0.04367424322085795,
      "detail": "Significant shift in ophl_any which is not in KG1 expectations for B1-P2"
    },
    {
      "model": "kimi-k2.5",
      "pert_id": "B1-P8",
      "base_id": "B1-BASE",
      "treatment": "ophl_type_ii",
      "jsd": 0.4559477728886574,
      "p_value": 0.013224966464136356,
      "detail": "Significant shift in ophl_type_ii which is not in KG1 expectations for B1-P8"
    },
    {
      "model": "kimi-k2.5",
      "pert_id": "B1-P8",
      "base_id": "B1-BASE",
      "treatment": "ophl_any",
      "jsd": 0.5756317833951121,
      "p_value": 0.0038282797659342067,
      "detail": "Significant shift in ophl_any which is not in KG1 expectations for B1-P8"
    },
    {
      "model": "kimi-k2.5",
      "pert_id": "B1-P9",
      "base_id": "B1-BASE",
      "treatment": "total_laryngectomy",
      "jsd": 0.30683422193710375,
      "p_value": 0.04187906046976512,
      "detail": "Significant shift in total_laryngectomy which is not in KG1 expectations for B1-P9"
    },
    {
      "model": "llama-3.1-8b",
      "pert_id": "C1-P3",
      "base_id": "C1-BASE",
      "treatment": "total_laryngectomy",
      "jsd": 0.46393188111663625,
      "p_value": 0.003730118746294868,
      "detail": "Significant shift in total_laryngectomy which is not in KG1 expectations for C1-P3"
    },
    {
      "model": "kimi-k2.5",
      "pert_id": "C1-P3",
      "base_id": "C1-BASE",
      "treatment": "total_laryngectomy",
      "jsd": 0.2349200781231749,
      "p_value": 0.04064732339712497,
      "detail": "Significant shift in total_laryngectomy which is not in KG1 expectations for C1-P3"
    },
    {
      "model": "kimi-k2.5",
      "pert_id": "C1-P5",
      "base_id": "C1-BASE",
      "treatment": "ophl_type_i",
      "jsd": 0.39821241357259135,
      "p_value": 0.03685357321339331,
      "detail": "Significant shift in ophl_type_i which is not in KG1 expectations for C1-P5"
    },
    {
      "model": "llama-3.1-8b",
      "pert_id": "H1-P2",
      "base_id": "H1-BASE",
      "treatment": "surgical_lp",
      "jsd": 0.31825708098762057,
      "p_value": 0.005710780973149788,
      "detail": "Significant shift in surgical_lp which is not in KG1 expectations for H1-P2"
    },
    {
      "model": "kimi-k2.5",
      "pert_id": "H1-P2",
      "base_id": "H1-BASE",
      "treatment": "rt_alone",
      "jsd": 0.6931471762446815,
      "p_value": 0.03892983085921828,
      "detail": "Significant shift in rt_alone which is not in KG1 expectations for H1-P2"
    },
    {
      "model": "kimi-k2.5",
      "pert_id": "H1-P2",
      "base_id": "H1-BASE",
      "treatment": "surgical_lp",
      "jsd": 0.3846413346662552,
      "p_value": 0.004558642698774451,
      "detail": "Significant shift in surgical_lp which is not in KG1 expectations for H1-P2"
    },
    {
      "model": "kimi-k2.5",
      "pert_id": "H1-P3",
      "base_id": "H1-BASE",