{
  "llama-3.1-8b": {
    "model": "llama-3.1-8b",
    "n_gold_edges": 58,
    "n_hard_detected": 0,
    "n_soft_detected": 10,
    "n_not_detected": 48,
    "hard_recall": 0.0,
    "soft_recall": 0.1724137931034483,
    "sid": 45,
    "sid_total": 233,
    "sid_normalised": 0.19313304721030042,
    "direction_accuracy": 0.5,
    "n_correct_direction": 5,
    "n_wrong_direction": 5,
    "veridical_split_half": 0.624,
    "veridical_n_edges": 35,
    "veridical_entropy": 0.488547953173412,
    "veridical_flip_rate": 0.4857142857142857,
    "snr": 0.8001029095532727,
    "mean_causal_jsd": 0.05931946195658941,
    "mean_null_jsd": 0.07413979032985854,
    "null_jsd_95": 0.32833632397028106,
    "detection_power": 0.02575107296137339,
    "confab_split_half": 0.91,
    "confab_n_edges": 326,
    "confab_entropy": 0.3275719100870184,
    "confab_rigidity_score": 0.0,
    "raw_split_half": 0.885344827586207,
    "raw_split_half_shd": 6.65,
    "coverage_score": 0.1724137931034483,
    "fidelity_score": 0.6534334763948497,
    "stability_score": 0.5789808187306352,
    "discriminability_score": 0.10631277833094209,
    "rigidity_penalty": 1.0,
    "wms": 0.18820489787034292,
    "wms_label": "Fragmentary world model"
  },
  "kimi-k2.5": {
    "model": "kimi-k2.5",
    "n_gold_edges": 58,
    "n_hard_detected": 4,
    "n_soft_detected": 43,
    "n_not_detected": 15,
    "hard_recall": 0.06896551724137931,
    "soft_recall": 0.7413793103448276,
    "sid": 40,
    "sid_total": 246,
    "sid_normalised": 0.16260162601626016,
    "direction_accuracy": 0.6744186046511628,
    "n_correct_direction": 29,
    "n_wrong_direction": 14,
    "veridical_split_half": 0.4917241379310346,
    "veridical_n_edges": 157,
    "veridical_entropy": 0.5181431437176981,
    "veridical_flip_rate": 0.4140127388535032,
    "snr": 2.4564377321284803,
    "mean_causal_jsd": 0.1873709678473096,
    "mean_null_jsd": 0.07627751576872027,
    "null_jsd_95": 0.27537974993715236,
    "detection_power": 0.2073170731707317,
    "confab_split_half": 0.7689655172413794,
    "confab_n_edges": 215,
    "confab_entropy": 0.511193293675021,
    "confab_rigidity_score": 0.0,
    "raw_split_half": 0.6303448275862069,
    "raw_split_half_shd": 21.44,
    "coverage_score": 0.7413793103448276,
    "fidelity_score": 0.7559084893174512,
    "stability_score": 0.48777722527154155,
    "discriminability_score": 0.37769935712371033,
    "rigidity_penalty": 1.0,
    "wms": 0.3785322985384345,
    "wms_label": "Weak world model"
  }
}