{
  "kimi-k2.5": {
    "model": "kimi-k2.5",
    "n_gold_edges": 55,
    "n_hard_detected": 0,
    "n_soft_detected": 22,
    "n_not_detected": 33,
    "hard_recall": 0.0,
    "soft_recall": 0.4,
    "sid": 34,
    "sid_total": 153,
    "sid_normalised": 0.2222222222222222,
    "direction_accuracy": 0.8181818181818182,
    "n_correct_direction": 18,
    "n_wrong_direction": 4,
    "veridical_split_half": 0.6855555555555556,
    "veridical_n_edges": 61,
    "veridical_entropy": 0.4903773738705255,
    "veridical_flip_rate": 0.4262295081967213,
    "snr": 2.163232406777539,
    "mean_causal_jsd": 0.22743699950756396,
    "mean_null_jsd": 0.10513757042238733,
    "null_jsd_95": 0.4645420099179215,
    "detection_power": 0.1503267973856209,
    "confab_split_half": 0.6605630630630631,
    "confab_n_edges": 135,
    "confab_entropy": 0.5920531178026219,
    "confab_rigidity_score": 0.0,
    "raw_split_half": 0.6687878787878789,
    "raw_split_half_shd": 18.14,
    "coverage_score": 0.4,
    "fidelity_score": 0.797979797979798,
    "stability_score": 0.6151823837851231,
    "discriminability_score": 0.31971860776755306,
    "rigidity_penalty": 0.6614377578114382,
    "wms": 0.3712735537453913,
    "wms_label": "Weak world model"
  },
  "llama-3.1-8b": {
    "model": "llama-3.1-8b",
    "n_gold_edges": 55,
    "n_hard_detected": 1,
    "n_soft_detected": 4,
    "n_not_detected": 51,
    "hard_recall": 0.01818181818181818,
    "soft_recall": 0.07272727272727272,
    "sid": 44,
    "sid_total": 154,
    "sid_normalised": 0.2857142857142857,
    "direction_accuracy": 0.25,
    "n_correct_direction": 1,
    "n_wrong_direction": 3,
    "veridical_split_half": 0.97,
    "veridical_n_edges": 6,
    "veridical_entropy": 0.7453185778634532,
    "veridical_flip_rate": 0.8333333333333334,
    "snr": 0.4572927895156318,
    "mean_causal_jsd": 0.04293036442345744,
    "mean_null_jsd": 0.09387938189213442,
    "null_jsd_95": 0.6931471772333264,
    "detection_power": 0.0,
    "confab_split_half": 0.8553703703703702,
    "confab_n_edges": 223,
    "confab_entropy": 0.33525085852623543,
    "confab_rigidity_score": 0.0,
    "raw_split_half": 0.8574545454545455,
    "raw_split_half_shd": 7.84,
    "coverage_score": 0.07272727272727272,
    "fidelity_score": 0.3506493506493506,
    "stability_score": 0.6838725688546187,
    "discriminability_score": 0.05487513474187582,
    "rigidity_penalty": 1.0,
    "wms": 0.10084993982636095,
    "wms_label": "No coherent world model"
  }
}