{
  "kimi-k2.5": {
    "snr": 2.16323240677754,
    "mean_causal_jsd": 0.22743699950756396,
    "mean_null_jsd": 0.1051375704223873,
    "median_causal_jsd": 0.14706759848633089,
    "median_null_jsd": 0.04542993102679882,
    "null_jsd_95": 0.4645420099179215,
    "n_causal": 153,
    "n_null": 90,
    "detection_power": 0.1503267973856209
  },
  "llama-3.1-8b": {
    "snr": 0.4572927895156318,
    "mean_causal_jsd": 0.04293036442345744,
    "mean_null_jsd": 0.09387938189213442,
    "median_causal_jsd": 0.02310490409482892,
    "median_null_jsd": 0.023679731614670758,
    "null_jsd_95": 0.6931471772333265,
    "n_causal": 154,
    "n_null": 70,
    "detection_power": 0.0
  }
}