{
  "kimi-k2.5": {
    "shd_mean": 18.14,
    "shd_std": 4.022486793017474,
    "agreement": 0.6687878787878789,
    "n_splits": 100
  },
  "llama-3.1-8b": {
    "shd_mean": 7.84,
    "shd_std": 2.1152777595389214,
    "agreement": 0.8574545454545455,
    "n_splits": 100
  }
}