{
  "kimi-k2.5": {
    "wmi": 0.5613397867125579,
    "wmi_label": "Weak world model",
    "quality": {
      "model": "kimi-k2.5",
      "sid": 34,
      "sid_normalised": 0.2222222222222222,
      "n_interventions_tested": 153,
      "hard_tp": 0,
      "hard_fn": 55,
      "hard_fp": 0,
      "soft_tp": 22,
      "precision": 0.0,
      "recall": 0.0,
      "f1": 0.0,
      "soft_recall": 0.4,
      "soft_f1": 0.0,
      "shd": 0,
      "direction_accuracy": 0.8181818181818182,
      "direction_errors": 0,
      "weighted_recall": 0.4,
      "weighted_f1": 0.0,
      "calibration_rho": 0.0,
      "calibration_p": NaN,
      "calibration_mae": 0.480013522907945,
      "quality_score": 0.613989898989899
    },
    "solidity": {
      "model": "kimi-k2.5",
      "split_half_shd_mean": 18.14,
      "split_half_shd_std": 4.022486793017474,
      "split_half_agreement": 0.6687878787878789,
      "n_splits": 100,
      "mean_edge_entropy": 0.6107404776085762,
      "median_edge_entropy": 0.7565606893602319,
      "max_edge_entropy": 0.9999999999972693,
      "n_edges_measured": 420,
      "edge_entropy_details": [],
      "snr": 2.16323240677754,
      "mean_causal_jsd": 0.22743699950756396,
      "mean_null_jsd": 0.1051375704223873,
      "null_jsd_95": 0.4645420099179215,
      "n_causal_tests": 153,
      "n_null_tests": 90,
      "mean_run_agreement": 0.0,
      "stance_flip_rate": 0.5619047619047619,
      "solidity_score": 0.5132044625895122
    }
  },
  "llama-3.1-8b": {
    "wmi": 0.5035561603587051,
    "wmi_label": "Weak world model",
    "quality": {
      "model": "llama-3.1-8b",
      "sid": 44,
      "sid_normalised": 0.2857142857142857,
      "n_interventions_tested": 154,
      "hard_tp": 1,
      "hard_fn": 54,
      "hard_fp": 0,
      "soft_tp": 4,
      "precision": 0.0,
      "recall": 0.01818181818181818,
      "f1": 0.0,
      "soft_recall": 0.07272727272727272,
      "soft_f1": 0.0,
      "shd": 0,
      "direction_accuracy": 1.0,
      "direction_errors": 0,
      "weighted_recall": 0.07272727272727272,
      "weighted_f1": 0.0,
      "calibration_rho": 0.0,
      "calibration_p": NaN,
      "calibration_mae": 0.7593674497237086,
      "quality_score": 0.529025974025974
    },
    "solidity": {
      "model": "llama-3.1-8b",
      "split_half_shd_mean": 7.84,
      "split_half_shd_std": 2.1152777595389214,
      "split_half_agreement": 0.8574545454545455,
      "n_splits": 100,
      "mean_edge_entropy": 0.44863593449787903,
      "median_edge_entropy": 0.40887106876650037,
      "max_edge_entropy": 0.9999999999972693,
      "n_edges_measured": 464,
      "edge_entropy_details": [],
      "snr": 0.4572927895156318,
      "mean_causal_jsd": 0.04293036442345744,
      "mean_null_jsd": 0.09387938189213442,
      "null_jsd_95": 0.6931471772333265,
      "n_causal_tests": 154,
      "n_null_tests": 70,
      "mean_run_agreement": 0.0,
      "stance_flip_rate": 0.39870689655172414,
      "solidity_score": 0.4793125840410102
    }
  }
}