{
  "deepseek-r1": {
    "model": "deepseek-r1",
    "n_gold_edges": 58,
    "n_hard_detected": 6,
    "n_soft_detected": 36,
    "n_not_detected": 22,
    "hard_recall": 0.10344827586206896,
    "soft_recall": 0.6206896551724138,
    "sid": 34,
    "sid_total": 243,
    "sid_normalised": 0.13991769547325103,
    "direction_accuracy": 0.7777777777777778,
    "n_correct_direction": 28,
    "n_wrong_direction": 8,
    "veridical_split_half": 0.7864285714285714,
    "veridical_n_edges": 143,
    "veridical_entropy": 0.49832174007749536,
    "veridical_flip_rate": 0.40559440559440557,
    "snr": 2.1408706737732324,
    "mean_causal_jsd": 0.15449163185327258,
    "mean_null_jsd": 0.07216299132211702,
    "null_jsd_95": 0.3053701901371547,
    "detection_power": 0.1728395061728395,
    "confab_split_half": 0.8173333333333334,
    "confab_n_edges": 227,
    "confab_entropy": 0.5351789045220023,
    "confab_rigidity_score": 0.0,
    "raw_split_half": 0.8024137931034481,
    "raw_split_half_shd": 11.46,
    "coverage_score": 0.6206896551724138,
    "fidelity_score": 0.8189300411522633,
    "stability_score": 0.6725284468261448,
    "discriminability_score": 0.3260402833219237,
    "rigidity_penalty": 1.0
  },
  "llama-3.1-8b": {
    "model": "llama-3.1-8b",
    "n_gold_edges": 58,
    "n_hard_detected": 0,
    "n_soft_detected": 10,
    "n_not_detected": 48,
    "hard_recall": 0.0,
    "soft_recall": 0.1724137931034483,
    "sid": 45,
    "sid_total": 233,
    "sid_normalised": 0.19313304721030042,
    "direction_accuracy": 0.5,
    "n_correct_direction": 5,
    "n_wrong_direction": 5,
    "veridical_split_half": 0.624,
    "veridical_n_edges": 35,
    "veridical_entropy": 0.488547953173412,
    "veridical_flip_rate": 0.4857142857142857,
    "snr": 0.8001029095532727,
    "mean_causal_jsd": 0.05931946195658941,
    "mean_null_jsd": 0.07413979032985854,
    "null_jsd_95": 0.3283363239702811,
    "detection_power": 0.02575107296137339,
    "confab_split_half": 0.91,
    "confab_n_edges": 326,
    "confab_entropy": 0.3275719100870184,
    "confab_rigidity_score": 0.0,
    "raw_split_half": 0.885344827586207,
    "raw_split_half_shd": 6.65,
    "coverage_score": 0.1724137931034483,
    "fidelity_score": 0.6534334763948497,
    "stability_score": 0.5789808187306352,
    "discriminability_score": 0.10631277833094209,
    "rigidity_penalty": 1.0
  },
  "gemma-4-31b-it": {
    "model": "gemma-4-31b-it",
    "n_gold_edges": 58,
    "n_hard_detected": 4,
    "n_soft_detected": 24,
    "n_not_detected": 34,
    "hard_recall": 0.06896551724137931,
    "soft_recall": 0.41379310344827586,
    "sid": 38,
    "sid_total": 234,
    "sid_normalised": 0.1623931623931624,
    "direction_accuracy": 0.7083333333333334,
    "n_correct_direction": 17,
    "n_wrong_direction": 7,
    "veridical_split_half": 0.7782352941176469,
    "veridical_n_edges": 81,
    "veridical_entropy": 0.48705753601728824,
    "veridical_flip_rate": 0.38271604938271603,
    "snr": 1.7962213342215099,
    "mean_causal_jsd": 0.12106758908264507,
    "mean_null_jsd": 0.06740126440771638,
    "null_jsd_95": 0.3182570831105359,
    "detection_power": 0.11965811965811966,
    "confab_split_half": 0.7905,
    "confab_n_edges": 267,
    "confab_entropy": 0.5182722483201854,
    "confab_rigidity_score": 0.0,
    "raw_split_half": 0.7868421052631579,
    "raw_split_half_shd": 12.15,
    "coverage_score": 0.41379310344827586,
    "fidelity_score": 0.7729700854700855,
    "stability_score": 0.6721181620636729,
    "discriminability_score": 0.26340980796982905,
    "rigidity_penalty": 1.0
  },
  "mistral-small-24b": {
    "model": "mistral-small-24b",
    "n_gold_edges": 58,
    "n_hard_detected": 1,
    "n_soft_detected": 25,
    "n_not_detected": 33,
    "hard_recall": 0.017241379310344827,
    "soft_recall": 0.43103448275862066,
    "sid": 31,
    "sid_total": 236,
    "sid_normalised": 0.13135593220338984,
    "direction_accuracy": 0.72,
    "n_correct_direction": 18,
    "n_wrong_direction": 7,
    "veridical_split_half": 0.8316666666666664,
    "veridical_n_edges": 94,
    "veridical_entropy": 0.5356404728301217,
    "veridical_flip_rate": 0.425531914893617,
    "snr": 1.6619754525347188,
    "mean_causal_jsd": 0.11574388163219146,
    "mean_null_jsd": 0.0696423532944892,
    "null_jsd_95": 0.22106692654404328,
    "detection_power": 0.13135593220338984,
    "confab_split_half": 0.8095,
    "confab_n_edges": 269,
    "confab_entropy": 0.5244516895932457,
    "confab_rigidity_score": 0.0,
    "raw_split_half": 0.8163793103448274,
    "raw_split_half_shd": 10.65,
    "coverage_score": 0.43103448275862066,
    "fidelity_score": 0.794322033898305,
    "stability_score": 0.6847438108679511,
    "discriminability_score": 0.2519794271855222,
    "rigidity_penalty": 1.0
  },
  "kimi-k2.5": {
    "model": "kimi-k2.5",
    "n_gold_edges": 58,
    "n_hard_detected": 4,
    "n_soft_detected": 43,
    "n_not_detected": 15,
    "hard_recall": 0.06896551724137931,
    "soft_recall": 0.7413793103448276,
    "sid": 41,
    "sid_total": 246,
    "sid_normalised": 0.16666666666666666,
    "direction_accuracy": 0.6744186046511628,
    "n_correct_direction": 29,
    "n_wrong_direction": 14,
    "veridical_split_half": 0.4948275862068966,
    "veridical_n_edges": 157,
    "veridical_entropy": 0.5181431437176981,
    "veridical_flip_rate": 0.4140127388535032,
    "snr": 2.45643773212848,
    "mean_causal_jsd": 0.18737096784730958,
    "mean_null_jsd": 0.07627751576872027,
    "null_jsd_95": 0.27537974993715236,
    "detection_power": 0.2073170731707317,
    "confab_split_half": 0.7668965517241381,
    "confab_n_edges": 215,
    "confab_entropy": 0.511193293675021,
    "confab_rigidity_score": 0.0,
    "raw_split_half": 0.6308620689655173,
    "raw_split_half_shd": 21.41,
    "coverage_score": 0.7413793103448276,
    "fidelity_score": 0.7538759689922481,
    "stability_score": 0.4896392942370587,
    "discriminability_score": 0.3776993571237103,
    "rigidity_penalty": 1.0
  },
  "qwen3-next-80b-instruct": {
    "model": "qwen3-next-80b-instruct",
    "n_gold_edges": 58,
    "n_hard_detected": 1,
    "n_soft_detected": 23,
    "n_not_detected": 35,
    "hard_recall": 0.017241379310344827,
    "soft_recall": 0.39655172413793105,
    "sid": 32,
    "sid_total": 237,
    "sid_normalised": 0.1350210970464135,
    "direction_accuracy": 0.7391304347826086,
    "n_correct_direction": 17,
    "n_wrong_direction": 6,
    "veridical_split_half": 0.9135294117647059,
    "veridical_n_edges": 91,
    "veridical_entropy": 0.44034229100530714,
    "veridical_flip_rate": 0.3076923076923077,
    "snr": 1.8720564546673022,
    "mean_causal_jsd": 0.10307350503776751,
    "mean_null_jsd": 0.05505897259710873,
    "null_jsd_95": 0.22417293588466866,
    "detection_power": 0.15611814345991562,
    "confab_split_half": 0.8870731707317074,
    "confab_n_edges": 275,
    "confab_entropy": 0.39585206967129527,
    "confab_rigidity_score": 0.0,
    "raw_split_half": 0.8948275862068966,
    "raw_split_half_shd": 6.1,
    "coverage_score": 0.39655172413793105,
    "fidelity_score": 0.8020546688680976,
    "stability_score": 0.7719807306567006,
    "discriminability_score": 0.2870940319440425,
    "rigidity_penalty": 1.0
  }
}
